residual_name,freq,type,reason,residual_values(top15),cand1_ref,cand1_values,宏基因组相关,合并到(据字典),饼图分类,通用(meta-analysis)
INSDC center name,14431765,freetext/high-card,机构/中心名，与 center alias/collecting institution/broker name/GAL 同簇,"Wellcome Sanger Institute(656032) ; SC(585345) ; Robert Koch Institute(121803) ; University of California San Diego Microbiome Initiative(111896) ; UCSDMI(110620) ; EBI(94836) ; EMG(94730) ; IPK-Gatersleben(71134) ; PANGAEA Data Publisher for Earth and Environmental Science(60705) ; THE ROSLIN INSTITUTE(41317) ; Originating lab: Wales Specialist Virology Centre Sequencing lab: Pathogen Genomics Unit(38537) ; ETH ZURICH D-BSSE(29083) ; KI-BN(29058) ; Respiratory Virus Unit, Microbiology Services Colindale, Public Health England(28057) ; Pan Lab at OU(21536)",source name,Liver(22289) ; Brain(22282) ; spleen(18004) ; cell line(16596) ; Blood(12133) ; Cortex(12109) ; PBMC(11385) ; Hippocampus(10871) ; pancreatic islets(10299) ; Bone marrow(9996) ; blood(9356) ; bone marrow(9144) ; Kidney(9072) ; Bone Marrow(8739) ; striatum(8223),,独立键(仅自身),提交/数据库管理,否
Submitter Id,14376720,freetext/high-card,提交方样本序号(小整数)，弱挂,1(1036) ; 3(672) ; 4(633) ; 7(539) ; 8(526) ; 10(502) ; 11(493) ; 16(426) ; 15(423) ; 18(403) ; 19(387) ; 27(331) ; 29(320) ; 28(319) ; 30(319),submitter handle,Framingham_SHARe(715094) ; eMERGE(322447) ; WHI_SHARe(180745) ; TCGA(148921) ; NHLBI_ARIC(128815) ; OncoArray_ProstateCancer(99622) ; NIDDK METSIM(81967) ; NIGMS_LowLDL_EMR(80286) ; RPGEH(78494) ; Geneva(73428) ; NCI_TP_AACR_GENIE(69212) ; NIDDK TEDDY(65195) ; OncoArray_DRIVE(60231) ; EMMES_HMP(56215) ; MESA_SHARe(53878),,独立键(仅自身),提交/数据库管理,否
ENA-CHECKLIST,14295165,freetext/high-card,ENA checklist 登录号(ERCxxxxxx)，平台元数据，无对应,ERC000011(2475162) ; ERC000033(471067) ; ERC000050(234606) ; ERC000015(82745) ; ERC000013(61297) ; ERC000028(58474) ; ERC000022(53076) ; ERC000047(27112) ; ERC000014(27023) ; ERC000020(27007) ; ERC000024(23970) ; ERC000053(16370) ; ERC000040(15534) ; ERC000029(13389) ; ERC000025(13299),menarche,yes(436) ; Luteal(128) ; Follicular(98) ; 18(7) ; 13(6) ; 25(6) ; 12(6) ; 4(5) ; 24(4) ; 9(4) ; 20(4) ; 7(4) ; 22(4) ; 27(4) ; 11(4),,独立键(仅自身),提交/数据库管理,否
INSDC status,13776097,categorical,记录发布状态 public/suppressed，平台管理字段,public(3776410) ; suppressed(13611) ; killed(2609) ; temporary_suppressed(398),HIV status,,,独立键(仅自身),提交/数据库管理,否
INSDC last update,10370452,freetext/high-card,平台记录更新时间戳，记录日期簇,2022-05-19T17:40:14Z(805) ; 2022-05-26T09:42:43Z(546) ; 2013-11-04T20:06:05Z(529) ; 2022-05-26T09:30:46Z(494) ; 2013-11-04T20:05:50Z(283) ; 2013-11-04T20:05:37Z(235) ; 2018-08-14T12:59:24Z(171) ; 2018-08-14T12:59:25Z(171) ; 2016-10-21T09:39:09Z(162) ; 2018-08-14T12:59:23Z(162) ; 2016-10-21T09:36:16Z(161) ; 2023-06-13T16:39:57Z(158) ; 2023-06-13T16:39:56Z(156) ; 2018-03-08T15:24:43Z(155) ; 2016-10-21T09:36:13Z(155),date last rain,,,规范键(其他并入它),提交/数据库管理,否
External Id,10368571,freetext/high-card,SAMEA 外部登录号，平台id；弱可归 source material identifiers,SAMEA911901(1) ; SAMEA712817(1) ; SAMEA804023(1) ; SAMEA804024(1) ; SAMEA804025(1) ; SAMEA804019(1) ; SAMEA804020(1) ; SAMEA804021(1) ; SAMEA804022(1) ; SAMEA708831(1) ; SAMEA708835(1) ; SAMEA766053(1) ; SAMEA958493(1) ; SAMEA958494(1) ; SAMEA878301(1),maternal health status,,,独立键(仅自身),提交/数据库管理,否
INSDC first public,9474563,freetext/high-card,平台首次公开时间戳，记录日期簇,2016-08-24T17:07:51Z(3790) ; 2016-08-24T17:07:36Z(3510) ; 2018-01-25T17:04:53Z(3483) ; 2015-09-10T17:01:22Z(3479) ; 2016-11-15T17:05:04Z(3317) ; 2016-08-24T17:07:46Z(3307) ; 2015-09-10T17:01:23Z(3289) ; 2016-08-24T17:07:47Z(3275) ; 2016-09-22T17:01:28Z(3266) ; 2016-08-24T17:07:48Z(3260) ; 2016-08-24T17:07:35Z(3189) ; 2016-08-24T17:07:34Z(3073) ; 2016-08-24T17:07:52Z(3070) ; 2017-02-14T17:02:32Z(3000) ; 2016-08-24T17:07:49Z(2890),host pulse,not_collected(291) ; host_pulse(265) ; 60(118) ; 70(94) ; 78(71) ; 68(70) ; 62(68) ; 72(59) ; #N/B(59) ; 80(55) ; 0 bpm(54) ; 64(52) ; not_applicable(51) ; not measured(50) ; 74(38),,规范键(其他并入它),提交/数据库管理,否
ENA first public,9062191,freetext/high-card,平台首次公开时间戳，记录日期簇,2021-05-27(24671) ; 2021-07-15(24120) ; 2021-05-29(23885) ; 2021-01-11(22338) ; 2021-06-02(21776) ; 2021-01-25(21486) ; 2021-03-18(21328) ; 2016-08-24(20102) ; 2021-06-16(20039) ; 2021-07-02(18594) ; 2021-04-07(17773) ; 2021-06-01(16520) ; 2021-02-01(16180) ; 2021-06-08(16044) ; 2021-05-04(15687),host pulse,not_collected(291) ; host_pulse(265) ; 60(118) ; 70(94) ; 78(71) ; 68(70) ; 62(68) ; 72(59) ; #N/B(59) ; 80(55) ; 0 bpm(54) ; 64(52) ; not_applicable(51) ; not measured(50) ; 74(38),,合并→ INSDC first public,提交/数据库管理,否
scientific_name,8972534,freetext/high-card,值=物种学名，归顶层 organism 字段,Homo sapiens(189044) ; Mus musculus(145073) ; Severe acute respiratory syndrome coronavirus 2(99867) ; human gut metagenome(72029) ; Hordeum vulgare subsp. vulgare(64801) ; marine metagenome(64370) ; metagenome(63394) ; Streptococcus pneumoniae(63179) ; gut metagenome(46766) ; Plasmodium falciparum(44574) ; Escherichia coli(38207) ; Staphylococcus aureus(33310) ; synthetic construct(31043) ; soil metagenome(29943) ; Saccharomyces cerevisiae(27644),infra specific name,Hordeum vulgare L. convar. vulgare var. hybernum Viborg(4803) ; Hordeum vulgare L. convar. distichon (L.) Alef. var. nutans (Rode) Alef.(2987) ; vulgare(988) ; Hordeum vulgare L.(533) ; Hordeum vulgare L. convar. vulgare var. coeleste L.(486) ; Hordeum vulgare L. convar. deficiens (Steud.) Mansf. var. deficiens (Steud.) Kérn.(390) ; Hordeum spontaneum K.Koch(384) ; Hordeum spontaneum K.Koch var. spontaneum(376) ; Hordeum vulgare L. convar. vulgare var. densum Sér.(360) ; Hordeum vulgare L. convar. vulgare var. parallelum Kérn.(304) ; Hordeum vulgare L. convar. vulgare var. himalayense (Rittig) Kérn.(216) ; Hordeum vulgare L. convar. distichon (L.) Alef. var. erectum (Rode) Alef.(214) ; Hordeum vulgare L. convar. vulgare var. subviolaceum Kérn.(192) ; Hordeum vulgare L. convar. vulgare var. nigripallidum Regel(181) ; Hordeum vulgare L. convar. vulgare var. rikotense Regel(155),,独立键(仅自身),样本来源/材料,是
INSDC center alias,6865361,freetext/high-card,机构别名，同 INSDC center name,"SC(619507) ; Robert Koch Institute(121176) ; UCSDMI(111896) ; Originating lab: Wales Specialist Virology Centre Sequencing lab: Pathogen Genomics Unit(31986) ; Respiratory Virus Unit, Microbiology Services Colindale, Public Health England(27082) ; ETH ZURICH D-BSSE(26260) ; NVRL(19032) ; IBV-CSIC(18790) ; Wellcome Sanger Institute(15187) ; IPK-Gatersleben(14814) ; Northumbria University / South Tees Hospitals NHS Foundation Trust / North Cumbria Integrated Care NHS Foundation Trust / North Tees and Hartlepool NHS Foundation Trust / Newcastle Hospitals NHS Foundation Trust(14468) ; CCME-COLORADO(13462) ; BCM(13364) ; Quadram Institute Bioscience(12858) ; Liverpool Clinical Laboratories(12495)",isolate name alias,1(64) ; 2(21) ; 8(19) ; 17(19) ; 5(18) ; 27(16) ; 25(13) ; 4(13) ; 9(9) ; 23(8) ; 58(8) ; 7(8) ; 22(7) ; 14(7) ; 10(7),,独立键(仅自身),提交/数据库管理,否
geographic location (region and locality),5804997,freetext/high-card,值=国家/地区(England等)，官方 geographic location,England(519071) ; Scotland(65372) ; Wales(47636) ; Europe/Germany/North Rhine-Westphalia(31029) ; Europe/Germany(19233) ; Europe/Germany/Saxony(12791) ; Europe/Germany/Bavaria(11275) ; Europe/Germany/Baden-Wurttemberg(9113) ; Northern_Ireland(8367) ; Europe / Ireland / Dublin(7809) ; Europe/Germany/Rhineland-Palatinate(6211) ; ZH(5816) ; BL(5511) ; BS(5470) ; Europe/Germany/Baden-Württemberg(5178),geographic location,,,合并→ geographic location,时空/环境,是
collecting institution,5693164,freetext/high-card,采集机构名，机构名簇；弱可挂 collected by,"Lighthouse Lab in Alderley Park(128561) ; Lighthouse Lab in Glasgow(122405) ; Lighthouse Lab in Milton Keynes(89190) ; Originating lab: Wales Specialist Virology Centre Sequencing lab: Pathogen Genomics Unit(38537) ; Lighthouse Lab in Cambridge(34310) ; Respiratory Virus Unit, Microbiology Services Colindale, Public Health England(28057) ; National Virus Reference Laboratory(19824) ; Wellcome Sanger Institute(18157) ; Northumbria University / South Tees Hospitals NHS Foundation Trust / North Cumbria Integrated Care NHS Foundation Trust / North Tees and Hartlepool NHS Foundation Trust / Newcastle Hospitals NHS Foundation Trust(15866) ; Liverpool Clinical Laboratories(15624) ; Lighthouse Laboratory Plymouth(13047) ; Quadram Institute Bioscience(12982) ; Computational evolution group,Mattenstrasse 26, Basel(12196) ; Department of Pathology, University of Cambridge(11115) ; SYNLAB MVZ Leverkusen, Paracelsusstra??e 13; 51375 Leverkusen(11098)",train stop collection location,,,独立键(仅自身),提交/数据库管理,否
broker name,5546151,freetext/high-card,broker/联盟机构名，机构名簇,"SC(419108) ; ArrayExpress(260555) ; COVID-19 Genomics UK Consortium(225538) ; RKI provides the integration of molecular data and epidemiological data for the molecular surveillance of SARS-CoV-2(121176) ; EBI-EMG(91320) ; Stephane Pesant(56998) ; Swiss Institute of Bioinformatics, Quartier Sorge, Batiment Amphipole, CH-1015, Lausanne(41912) ; COPO(19640) ; Interinstitutional project for the sequencing of circulating SARS-CoV-2 strains in the population of the Republic of Ireland during the 2020 pandemic of COVID19(19498) ; Maiden Group, Department of Zoology, University of Oxford, United Kingdom(10551) ; EnteroBase(9764) ; GFBIO(7288) ; DTU-GE(7127) ; NDM Oxford(7118) ; China National GeneBank (CNGB) Jinsha Road, Dapeng District, Shenzhen(5764)",reservoir name,,,独立键(仅自身),提交/数据库管理,否
ENA-LAST-UPDATE,5229723,freetext/high-card,平台更新时间戳，记录日期簇,2015-08-14(15255) ; 2013-04-04(4575) ; 2014-02-28(3738) ; 2013-11-04(3094) ; 2013-07-02(2306) ; 2012-11-15(1969) ; 2014-02-19(1686) ; 2013-04-16(1058) ; 2014-01-28(1005) ; 2013-04-11(745) ; 2016-08-08(721) ; 2017-06-22(660) ; 2013-12-09(656) ; 2013-08-06(618) ; 2018-03-08(610),date last rain,,,合并→ INSDC last update,提交/数据库管理,否
ENA-FIRST-PUBLIC,5192072,freetext/high-card,平台首次公开时间戳，记录日期簇,2014-11-13(15253) ; 2020-04-22(6711) ; 2019-10-06T04:03:47Z(5086) ; 2019-10-06T04:03:30Z(4989) ; 2019-10-06T04:03:32Z(4977) ; 2019-04-02T17:04:11Z(4802) ; 2019-10-06T04:03:37Z(4671) ; 2013-04-30(4618) ; 2019-10-06T04:03:48Z(4588) ; 2018-05-24(4561) ; 2019-10-06T04:03:42Z(4503) ; 2019-10-06T04:03:46Z(4337) ; 2019-10-06T04:03:29Z(4234) ; 2019-10-25T04:04:49Z(4181) ; 2020-02-20T17:05:46Z(4151),host pulse,not_collected(291) ; host_pulse(265) ; 60(118) ; 70(94) ; 78(71) ; 68(70) ; 62(68) ; 72(59) ; #N/B(59) ; 80(55) ; 0 bpm(54) ; 64(52) ; not_applicable(51) ; not measured(50) ; 74(38),,合并→ INSDC first public,提交/数据库管理,否
ENA last update,4734714,freetext/high-card,平台更新时间戳，记录日期簇,2021-06-09(109767) ; 2016-10-21(68402) ; 2021-07-15(23716) ; 2021-01-11(22607) ; 2021-03-18(22433) ; 2021-06-16(20055) ; 2021-07-02(18803) ; 2021-01-25(17744) ; 2021-04-07(17321) ; 2021-02-01(16422) ; 2021-05-04(15688) ; 2021-06-02(15407) ; 2021-03-03(14246) ; 2021-07-01(13700) ; 2021-07-19(13115),date last rain,,,合并→ INSDC last update,提交/数据库管理,否
collector name,4461306,freetext/high-card,值=人名，官方 collected by,"Chaoran Chen et al(15517) ; PANGEA_HIV Project(8002) ; Christian Beisel et al(6714) ; Dutch COVID-19 response team(5757) ; deCODE genetics(3149) ; Chaoran Chen, Sarah Nadeau, Catharine Aquino, Ivan Topolsky, Kim Philipp Jablonski, Lara Fuhrmann, Daniel Ehrsam, Isabel Stürmer, Andreia Cabral de Gouvea, Maria Domenica Moccia, Simon Grüter, Timothy Sykes, Lennart Opitz, Griffin White, Laura Neff, Doris Popovic, Andrea Patrignani, Jay Tracy, Ralph Schlapbach, Christiane Beckmann, Maurice Redondo, Olivier Kobel, Christoph Noppen, Niko Beerenwinkel, Tanja Stadler(2895) ; Samuel Cordey et al(2610) ; Tim Roloff et al(2394) ; The National University Hospital of Iceland(2219) ; Tim Roloff, Madlen Stange, Helena MB Seth-Smith, Alfredo Mari, Karoline Leuzinger, Julia Bielicki, Manuel Battegay, Hans Hirsch, Adrian Egli(1725) ; Darío García de Viedma, Laura Pérez-Lago, Pedro J Sola-Campoy, Sergio Buenestado-Serrano, Marta Herranz, Victor Manuel de la Cueva, Julia Suárez, Pilar Catalán, Patricia Mu?oz and SeqCOVID-Spain consortium(1618) ; Trestan Pillonel, Damien Jacot, Sébastien Aeby, Gilbert Greub, Claire Bertelli(1479) ; María de Toro, José Manuel Azcona Gutiérrez, María Pilar Bea Escudero, Miriam Blasco Alberdi and SeqCOVID-Spain consortium(1292) ; Sheffield COVID-19 Genomics Group(1279) ; Gustavo Cilla Eguiluz, Milagrosa Montes Ros, Luis Pi?eiro Vázquez, Ane Sorrarain, Jose Maria Marimón and SeqCOVID-Spain consortium(1169)",collected by,CDC(226204) ; PHE(95799) ; USDA-FSIS(66980) ; FDA(18190) ; FDA Contracted Laboratory(12444) ; PHAC(10929) ; United States Food and Drug Administration(10474) ; ModMedMicOxford(9802) ; Texas Department of State Health Services(7497) ; University of Pittsburgh Medical Center(5284) ; DTU(4963) ; United States Food and Drug Administration| Office of Regulatory Affairs| New York Human and Animal Food Laboratory(4848) ; USAID Feed the Future Innovation Lab for Climate Resilient Chickpea(4630) ; Pennsylvania State University | Escherichia coli Reference Center(4407) ; university laval(4033),,独立键(仅自身),提交/数据库管理,否
geographic location (longitude),4454015,freetext/high-card,经度分量，官方 latitude and longitude,-95.7129(32670) ; -3.206493(25753) ; 7.6921(20869) ; 116.3636(19917) ; 9.5018(13493) ; -3.7492(9351) ; -64.17(6453) ; -3.197356(5571) ; -0.12(4957) ; 5.2913(4622) ; -90.263794(4375) ; 1(4192) ; 10.4515(3787) ; -3.6066(3553) ; -79.051266(2636),geographic location,,,合并→ longitude,时空/环境,是
geographic location (latitude),4453534,freetext/high-card,纬度分量，官方 latitude and longitude,37.0902(32678) ; 55.861398(25753) ; 53.1424(21038) ; 39.9138(19917) ; 56.2639(13461) ; 40.4637(9488) ; 31.07(6449) ; 55.86513(5569) ; 51.5(5210) ; 52.1326(4622) ; 38.63699(4375) ; 1(3837) ; 51.1657(3787) ; 57.0607(3553) ; 35.908070(2636),geographic location,,,合并→ latitude,时空/环境,是
common name,3906571,freetext/high-card,物种俗名，归顶层 organism 字段,human(351111) ; house mouse(235022) ; domesticated barley(85611) ; malaria parasite P. falciparum(61190) ; Streptococcus pneumoniae(46626) ; baker's yeast(46246) ; Human(41255) ; SARS-CoV-2(34074) ; zebrafish(31915) ; thale cress(31837) ; African malaria mosquito(31744) ; Escherichia coli(28545) ; Human coronavirus 2019(24777) ; fruit fly(19379) ; gut metagenome(19334),host common name,Human(202132) ; human(131424) ; mouse(17102) ; Savannah baboon(14371) ; maize(4739) ; Homo sapiens(3924) ; sponges(3142) ; mosquito(2262) ; pig(1917) ; Mus musculus(1609) ; house mouse(1429) ; pacific chub mackerel(1340) ; sheep(1326) ; tree swallow(1298) ; Pacific oyster(1224),,独立键(仅自身),样本来源/材料,是
sample derived from,2914227,freetext/high-card,值=来源样本号(SRS/ERS/SAMN)，官方 derived from,SRS1996016(14395) ; SAMN06233224(6587) ; ERS3555720(6236) ; ERS5055282(2615) ; SRS883293(2058) ; ERS3559075(1410) ; ERS3559074(1164) ; ERS3559072(1024) ; ERS3559076(876) ; ERS3559077(765) ; ERS3559073(757) ; ERS4921402(668) ; ERS4649301(428) ; ERS4649307(303) ; ERS3750160(303),derived from,"Human(1837) ; This BioSample is a metagenomic assembly obtained from the activated sludge metagenome BioSamples: SAMN08389165, SAMN08389166, SAMN08389167, SAMN08389168, SAMN08389169, SAMN08389170, SAMN08389171, SAMN08389172, SAMN08389173, SAMN08389174, SAMN08389175, SAMN08389176, SAMN08389177, SAMN08389178, SAMN08389179, SAMN08389180, SAMN08389181, SAMN08389182, SAMN08389183, SAMN08389184, SAMN08389185, SAMN08389186, SAMN08389187, SAMN08389188, SAMN08389189, SAMN08389190, SAMN08389191, SAMN08389192, SAMN08389193, SAMN08389194, SAMN08389195, SAMN08389196, SAMN08389197, SAMN08389198, SAMN08389199, SAMN08389200, SAMN08389201, SAMN08389202, SAMN08389203, SAMN08389204, SAMN08389205, SAMN08389206, SAMN08389207, SAMN08389208, SAMN08389209, SAMN08389210, SAMN08389211, SAMN08389212, SAMN08389213, SAMN08389214, SAMN08389215, SAMN08389216, SAMN08389217, SAMN08389218, SAMN08389219, SAMN08389220, SAMN08389221, SAMN08389222, SAMN08389223, SAMN08389224, SAMN08389225, SAMN08389226, SAMN08389227, SAMN08389228, SAM N08389229, SAMN08389230, SAMN08389231, SAMN08389232, SAMN08389233, SAMN08389234, SAMN08389235, SAMN08389236, SAMN08389237, SAMN08389238, SAMN08389239, SAMN08389240, SAMN08389241, SAMN08389242, SAMN08389243, SAMN08389244, SAMN08389245, SAMN08389246, SAMN08389247, SAMN08389248, SAMN08389249, SAMN08389250, SAMN08389251, SAMN08389252, SAMN08389253, SAMN08389254, SAMN08389255, SAMN08389256, SAMN08389257, SAMN08389258, SAMN08389259, SAMN08389260, SAMN08389261, and SAMN08389262(920) ; This BioSample is a metagenomic assembly obtained from the gut metagenome BioSamples: SAMN20206759,SAMN20206760,SAMN20206761,SAMN20206762,SAMN20206763,SAMN20206764,SAMN20206765,SAMN20206766,SAMN20206767,SAMN20206768,SAMN20206769,SAMN20206770,SAMN20206771,SAMN20206772,SAMN20206773,SAMN20206774,SAMN20206775,SAMN20206776,SAMN20206777,SAMN20206778,SAMN20206779,SAMN20206780,SAMN20206781,SAMN20206782,SAMN20206783,SAMN20206784,SAMN20206785,SAMN20206786,SAMN20206787,SAMN20206788,SAMN20206789,SAMN20206790,SAMN20206791,SAMN20206792,SAMN20206793,SAMN20206794,SAMN20206795,SAMN20206796,SAMN20206797,SAMN20206798,SAMN20206799,SAMN20206800,SAMN20206801,SAMN20206802(591) ; This BioSample is a metagenomic assembly obtained from the mouse gut metagenome BioSamples: SAMN14144348,SAMN14144349,SAMN14144350,SAMN14144351,SAMN14144352,SAMN14144353,SAMN14144354,SAMN14144355,SAMN14144356,SAMN14144357,SAMN14144358,SAMN14144359,SAMN14144360,SAMN14144361,SAMN14144362,SAMN14144363,SAMN14144364,SAMN14144365(590) ; This BioSample is a metagenomic assembly obtained from the mine drainage metagenome BioSamples: SAMN18898484, SAMN18898485, SAMN18898486, SAMN18898487, SAMN18898488, SAMN18898489, SAMN18898490, SAMN18898491, SAMN18898492, and SAMN18898493(566) ; This BioSample is a metagenomic assembly obtained from the Activated sludge metagenome BioSample:SAMN15648910(557) ; Human blood(556) ; This BioSample is a metagenomic assembly obtained from the human oral metagenome BioSample: SAMN09489426(527) ; This BioSample is a metagenomic assembly obtained from the groundwater metagenome BioSample: SAMN15459600(524) ; This BioSample is a metagenomic assembly obtained from the freshwater metagenome BioSample: SAMN17269717(516) ; This BioSample is a metagenomic assembly obtained from the PNA biofilm metagenome BioSample: SAMN14350132, SAMN14350134, SAMN14350135, SAMN14350144, SAMN14350146, SAMN14350147, SAMN14350154, SAMN14350155, SAMN14350160, SAMN14350166, SAMN14350167, SAMN14350168, SAMN14350177, SAMN14350178, SAMN14350179, SAMN14350189, SAMN14350190 and SAMN14350191.(430) ; PN9(418) ; PN8(418) ; This BioSample is a metagenomic assembly obtained from the bioreactor metagenome BioSamples: SAMN13418212, SAMN13418213, SAMN13418214, SAMN13418245, SAMN13418246, SAMN13418247, SAMN13418248, SAMN13418249, SAMN13418250, SAMN13418251, SAMN13418252, SAMN13418253, SAMN13418254, SAMN15778297, SAMN15778298, SAMN15778299, SAMN15778300, SAMN15778301, SAMN15778302, SAMN15778303, SAMN15778304, SAMN15778305, SAMN15778306, SAMN15778307, SAMN15778308, SAMN15778309, SAMN15778310, SAMN15778311, SAMN15778312, SAMN15778313, SAMN15778314, SAMN15778315, and SAMN15778316(403) ; Blood(401)",,合并→ derived from,样本来源/材料,是
local environmental context,2882079,categorical,值=biome/ENVO，官方 local-scale environmental context,Pine needle(304) ; not applicable'(107) ; oceanic epipelagic zone biome(40) ; animal-associated habitat(19) ; sea shore (ENVO:00000485)(9) ; oceanic bathypelagic zone biome(3) ; bioreactor metagenome(3) ; marine hydrothermal vent (ENVO:01000122)(3) ; seawater(2) ; mouse-associated habitat(2) ; water(1) ; oceanic mesopelagic zone biome(1) ; compost(1) ; crop(1) ; environmental system(1),local-scale environmental context,,,合并→ local-scale environmental context,时空/环境,是
metagenomic source,2806766,freetext/high-card,与官方 metagenome source 近同名,human gut metagenome(206290) ; bovine gut metagenome(25507) ; marine metagenome(17429) ; lake water metagenome(11328) ; Gallus gallus(5575) ; Artiodactyla(2615) ; aquatic metagenome(2313) ; 408170(2059) ; freshwater metagenome(1757) ; gut metagenome(1200) ; human oral metagenome(1124) ; insect environmental sample(1091) ; Cervus elaphus(938) ; mouse gut metagenome(933) ; pond metagenome(906),metagenome source,gut metagenome(19526) ; human gut metagenome(13043) ; marine metagenome(10995) ; groundwater metagenome(7326) ; freshwater metagenome(6214) ; human oral metagenome(4466) ; soil metagenome(4286) ; marine sediment metagenome(3517) ; activated sludge metagenome(3496) ; subsurface metagenome(3360) ; anaerobic digester metagenome(3177) ; wastewater metagenome(3034) ; hydrothermal vent metagenome(2720) ; bioreactor metagenome(2077) ; soda lake metagenome(2060),宏基因组标签,合并→ metagenome source,样本来源/材料,是
assembly software,2744402,freetext/high-card,MAG 组装工具，MIMAG 技术簇,"SPAdes;3.10.0(92143) ; metaspades_v3.13.0(39854) ; spades_v3.11.1(34125) ; SPAdes;3.13.1;default parameters with metaSPAdes mode(21536) ; IDBA-UD; v1.1.3; --num_threads 16 --pre_correction --min_contig 300(18613) ; megahit(14438) ; SPAdes;3,9.0; kmer set 21, 33, 55(12715) ; metaspades_v3.10.0(7650) ; metaspades_v3.12.0(7014) ; MEGAHIT; v1.1.1; --kmin-1pass, -m 60e+10, --k-list 27,37,47,57,67,77,87, --min-contig-len 1000, -t 16(6796) ; IDBA-UD(6403) ; Megahit(2884) ; Megahit;1.1.2;with the --meta-sensitive option(2313) ; MegaHIT v1.1.1(2058) ; MegaHit(1166)",window area/size,,组装/分箱/MAG-删,独立键(仅自身),测序/基因组/分析,否
binning software,2733555,freetext/high-card,MAG 分箱工具，MAG技术簇,"MetaBAT v2.12.1(92143) ; MetaWRAP v1.1(89983) ; MetaBAT2(26611) ; MetaBAT;2.12.1(21536) ; metabat(12837) ; Metabat2(10173) ; concoct(2323) ; MaxBin v2.2.4, MetaBAT v2.12.1, CONCOCT v0.4.0, DAS Tool v1.1.0(2058) ; BLAST(1166) ; metaWRAP (MetaBAT2, MaxBin2 and CONCOCT)(933) ; MetaBAT v. 2.12.1, MaxBin v. 2.2.4, Metawatt v. 3.5.3 summarized via DASTool v. 1.1.0 and refined in Anvi’O v. 5.2(380) ; METABAT2(362) ; CONCOCT, refined with dastool and manually with anvi'o 6.2(163) ; MetaWRAP (CONCOCT, MaxBIN2, and MetaBAT2)(133) ; das_tool; concoct, maxbin, metabat(125)",drawings,,组装/分箱/MAG-删,独立键(仅自身),测序/基因组/分析,否
binning parameters,2733447,freetext/high-card,MAG 分箱参数，MAG技术簇,"default(184682) ; tetra-nucleotide frequencies and abundance(25409) ; --minContig 2000(21536) ; min_len:1500,min_bin_size:10000,maxP:93,minS:50(12765) ; -v -m 2000(10159) ; Concoct parameters: -c 400 -l 1000 -t 16 -s 1 using Kallisto version 0.43.0 for coverate estimation.(1961) ; coverage and tetramer(1200) ; &gt;1,000bp alignment length(1166) ; default parameters, kmer: 4(933) ; Concoct parameters: -c 400 -l 1000 -t 16 -s 1 using Kallisto version 0.43.0 for coverage estimation.(352) ; anvi'o 6.2 default parameters, DASTOOL with --search-engine diamond(276) ; differential coverage across 5 samples, 4-mer frequencies(192) ; differential coverage across 9 samples, 4-mer frequencies(160) ; coverage, kmers(123) ; Hi-C links(98)",miscellaneous parameter,,组装/分箱/MAG-删,独立键(仅自身),测序/基因组/分析,否
completeness score,2658848,numeric,MAG 完整度，MAG技术簇,100(3994) ; 0(3683) ; 99.32(1378) ; 98.65(1370) ; 98.66(1229) ; 97.98(1184) ; 96.64(1077) ; 99.33(990) ; 95.97(937) ; 97.99(911) ; 97.31(792) ; 97.32(784) ; 99.37(702) ; 99.19(687) ; 98.63(603),study completion status,,组装/分箱/MAG-删,独立键(仅自身),测序/基因组/分析,否
completeness software,2652741,categorical,MAG 完整度工具(CheckM)，MAG技术簇,CheckM v1.0.7(94201) ; CheckM v1.0.11(88859) ; checkm(35956) ; CheckM;v1.0.13(21536) ; CheckM(17954) ; checkM(12725) ; CheckM v1.1.3(310) ; checkM v1.1.3(276) ; CheckM v.1.0.7(258) ; CheckM v1.0.13(139) ; MiGA(100) ; Anvi'o v6.0(74) ; anvi'o(72) ; CHECKM(55) ; CheckM (v1.0.7)(29),study completion status,,组装/分箱/MAG-删,独立键(仅自身),测序/基因组/分析,否
assembly quality,2628046,freetext/high-card,MIMAG 组装质量，MAG技术簇,"Many fragments with little to no review of assembly other than reporting of standard assembly statistics(265087) ; Multiple fragments where gaps span repetitive regions. Presence of the 23S, 16S, and 5S rRNA genes and at least 18 tRNAs(5311) ; Single contiguous sequence without gaps or ambiguities with a consensus error rate equivalent to Q50 or better(1691) ; Medium Quality Draft(72) ; Medium(61) ; Multiple fragments where gaps span repetitive regions. Presence of the 23S, 16S and 5S rRNA genes and at least 18 tRNAs.(27) ; High(11) ; Low(2) ; reads mapped to reference GenBank accession, V01108, average coverage is 108,815(1) ; reads mapped to reference GenBank accession, V01108, average coverage is 21,993(1) ; reads mapped to reference GenBank accession, V01108, average coverage is 15,680(1) ; reads mapped to reference GenBank accession, V01108, average coverage is 50,108(1) ; reads mapped to reference GenBank accession, V01108, average coverage is 35,310(1) ; reads mapped to reference GenBank accession, V01108, average coverage is 47,132(1) ; reads mapped to reference GenBank accession, V01108, average coverage is 36,592(1)",food product by quality,,组装/分箱/MAG-删,独立键(仅自身),测序/基因组/分析,否
contamination score,2616295,numeric,MAG 污染度，MAG技术簇,0.00(41774) ; 0(23258) ; 0.67(6396) ; 1.34(4076) ; 1.72(3825) ; 0.34(3167) ; 0.63(2985) ; 1.01(2934) ; 0.68(2502) ; 0.81(2236) ; 2.01(2135) ; 3.45(1888) ; 1.68(1815) ; 1.75(1773) ; 0.48(1754),fecal contamination value,,组装/分箱/MAG-删,独立键(仅自身),测序/基因组/分析,否
taxonomic identity marker,2602094,freetext/high-card,MAG 分类标记，MAG技术簇,"multi-marker approach(206460) ; multi-marker approach (checkm)(20567) ; gtdbtk followed by sourmash-lca, see publication(12765) ; 16S rRNA gene(12721) ; CheckM_markers(9768) ; multi-marker approach - MAGpy - Stewart RD, Auffret MD, Snelling TJ, Roehe R, Watson M. (2019) MAGpy: a reproducible pipeline for the downstream analysis of metagenome-assembled genomes (MAGs). Bioinformatics. 35(12):2150-2152. doi: 10.1093/bioinformatics/bty905(4940) ; gtdb_tk(352) ; Genome Taxonomy Database classifier (120 protein markers)(286) ; multi-marker approach (GTDB-tk v1.03, GTDB v95)(276) ; multimarker(100) ; multi marker approach(95) ; Multi-marker approach(58) ; 16S gene(42) ; multi-markers approach using the Bin Annotation Tool(29) ; relative evolutionary divergence (RED) and ANI(29)",host taxonomy ID,,组装/分箱/MAG-删,独立键(仅自身),测序/基因组/分析,否
sequencing method,2067162,freetext/high-card,测序平台(Illumina等)，SRA核心字段，字典缺，建议新增,Illumina(173777) ; Illumina MiSeq(82041) ; Illumina HiSeq 2000(51693) ; Illumina HiSeq 2500(36094) ; Illumina HiSeq 4000(27716) ; pyrosequencing(23691) ; NextSeq 500(18156) ; Illumina Miseq(16969) ; Illumina Genome Analyzer II(16265) ; MiSeq(15373) ; NovaSeq(13212) ; Illumina HiSeq(10336) ; Illumina NovaSeq 6000(7933) ; Miseq(5514) ; 454(5092),breeding method,"Gynogenesis(556) ; in vitro(526) ; Random mating(478) ; gamete stripping(310) ; Funnel breeding of A/J, C57BL/6J, 129S1/SvImJ, NOD/ShiLtJ, NZO/HILtJ, CAST/EiJ, PWK/PhJ, WSB/EiJ(246) ; timed mating, homozygous x homozygous(199) ; Artificial Insemination(184) ; full-sib mating(183) ; AI(168) ; IVP and IVF(152) ; Endogamic, sister-brother trios(115) ; PROGRESSIF(108) ; In vitro derived(98) ; BRUTAL(96) ; Fish Hatchery(90)",,独立键(仅自身),测序/基因组/分析,否
lineage/clade name,2037602,freetext/high-card,Pango 谱系(B.1.1.7等)，官方 subspecific genetic lineage,B.1.1.7(59149) ; B.1.617.2(26419) ; B.1.2(18150) ; B.1.526(7700) ; B.1.429(6242) ; P.1(5991) ; B.1(5838) ; B.1.427(2661) ; B.1.526.1(2378) ; B.1.526.2(2086) ; B.1.1.519(2068) ; AY.3(1781) ; B.1.1.222(1408) ; B.1.621(1250) ; B.1.243(1088),subspecific genetic lineage,,,独立键(仅自身),样本来源/材料,是
diagnostic_pcr_protocol_1,2036700,categorical,诊断PCR协议，字典无protocol，SARS诊断簇/建议扩展,Labcorp LDT(67857) ; Roche(20549) ; TaqPath(19977) ; LDT(11450) ; ThermoFisher Taqpath Assay(11068) ; TaqPath COVID-19 Combo Kit(9797) ; CDC Flu SC2(7469) ; Hologic(7011) ; Abbott Alinity(1741) ; Roche Cobas(1496) ; Covid-19-CDC(231) ; Panther Fusion(192) ; Lab Developed Test(160) ; nCoV_N1 (CT Value)(118) ; TAQMAN(106),SARS-CoV-2 diagnostic pcr Ct value 2,,,独立键(仅自身),测序/基因组/分析,否
diagnostic_pcr_Ct_value_1,2036582,numeric,官方 SARS-CoV-2 diagnostic pcr Ct value 1,20(232) ; 16.9(131) ; 15.9(129) ; 18.6(128) ; 18.9(128) ; 20.3(127) ; 16.4(126) ; 18.8(125) ; 18(125) ; 20.2(124) ; 17.5(124) ; 17.9(124) ; 17.6(124) ; 19.9(122) ; 17.8(122),SARS-CoV-2 diagnostic pcr Ct value 1,,,独立键(仅自身),测序/基因组/分析,否
host_race,2008438,freetext/high-card,值=种族(White/Black等)，官方 race,White(11219) ; AMR(3084) ; W(3026) ; Black or African American(2764) ; Other Race(2339) ; WHITE(1860) ; NAM(1815) ; DTA(1709) ; Asian(929) ; O(601) ; B(452) ; OTH(316) ; UNK(221) ; White or Caucasian(200) ; caucasian(166),race,Caucasian(51075) ; White(16597) ; Chinese(4341) ; Asian(2832) ; Other(2465) ; Black(2372) ; WHITE(2354) ; African American(1975) ; white(1919) ; Asian or Pacific Islander(1649) ; caucasian(1647) ; W(1389) ; Hispanic(1127) ; Missing: Not provided(897) ; AA(858),,合并→ race,宿主/临床,是
diagnostic_gene_name_1,1689613,freetext/high-card,官方 SARS-CoV-2 diagnostic gene name 1,N1 gene(67857) ; N gene(24531) ; Z20828(11435) ; ms2(11068) ; SC2(8154) ; ORF1ab(5243) ; ct(3699) ; Z20822(1927) ; Z1159(460) ; Z03818(383) ; U071(346) ; Z1152(272) ; R05(218) ; Z20.828(214) ; R509(136),SARS-CoV-2 diagnostic gene name 1,,,独立键(仅自身),测序/基因组/分析,否
replicate,1548070,freetext/high-card,生物学重复，官方 biological sample replicate,1(58615) ; 2(42426) ; biological replicate 1(29726) ; 3(25414) ; biological replicate 2(24928) ; biological replicate 3(19720) ; 4(10119) ; rep1(6614) ; rep2(6316) ; biological replicate 4(5814) ; A(5433) ; replicate = biological replicate 1(5275) ; B(5045) ; replicate = biological replicate 2(4955) ; 5(4854),technical sample replicate,,,独立键(仅自身),测序/基因组/分析,否
diagnostic_pcr_protocol_2,1511863,categorical,SARS诊断协议簇/建议扩展,Labcorp LDT(67857) ; ThermoFisher Taqpath Assay(13611) ; TaqPath COVID-19 Combo Kit(9797) ; CDC Flu SC2(7469) ; TaqPath(5243) ; Covid-19-CDC(231) ; nCoV_N1 (CT Value)(118) ; TAQMAN(106) ; CDC COVID-19(34) ; qPCR(13) ; Perkin Elmer Nucleic Acid Detection Kit(11) ; ThermoFisher TaqPath(9) ; nCoV_N1(5) ; COVID-19(2) ; Thermo Fisher TaqPath(2),SARS-CoV-2 diagnostic pcr Ct value 2,,,独立键(仅自身),测序/基因组/分析,否
diagnostic_pcr_protocol_3,1511863,categorical,SARS诊断协议簇/建议扩展,Labcorp LDT(67857) ; ThermoFisher Taqpath Assay(13611) ; TaqPath COVID-19 Combo Kit(9797) ; CDC Flu SC2(7469) ; TaqPath(5243) ; Covid-19-CDC(231) ; nCoV_N1 (CT Value)(118) ; TAQMAN(106) ; CDC COVID-19(34) ; qPCR(13) ; Perkin Elmer Nucleic Acid Detection Kit(11) ; ThermoFisher TaqPath(9) ; nCoV_N1(5) ; COVID-19(2) ; Thermo Fisher TaqPath(2),SARS-CoV-2 diagnostic pcr Ct value 2,,,独立键(仅自身),测序/基因组/分析,否
diagnostic_gene_name_2,1511786,categorical,官方 SARS-CoV-2 diagnostic gene name 2,N2 gene(67857) ; n gene(13611) ; S gene(9797) ; N1(8154) ; N gene(5243),SARS-CoV-2 diagnostic gene name 2,,,独立键(仅自身),测序/基因组/分析,否
diagnostic_gene_name_3,1511786,categorical,字典只到2，第3路建议扩展,RP gene(67857) ; orf1ab(13611) ; ORF1ab(9797) ; N2(8154) ; S gene(5243),SARS-CoV-2 diagnostic gene name 2,,,独立键(仅自身),测序/基因组/分析,否
diagnostic_pcr_Ct_value_2,1511762,numeric,官方 SARS-CoV-2 diagnostic pcr Ct value 2,20(34) ; 18.984(23) ; 17.966(23) ; 19.966(22) ; 17.973(22) ; 20.984(21) ; 19.969(21) ; 18.965(21) ; 18.979(21) ; 19.963(21) ; 19.932(20) ; 18.983(20) ; 21.983(20) ; 18.966(20) ; 19.084(19),SARS-CoV-2 diagnostic pcr Ct value 2,,,独立键(仅自身),测序/基因组/分析,否
diagnostic_pcr_Ct_value_3,1511761,numeric,字典只到2，第3路建议扩展,1(3042) ; Undetermined(2189) ; 20(116) ; 100(110) ; 29.014(15) ; 29.466(15) ; 29.721(14) ; 30.336(14) ; 29.101(13) ; 30.497(13) ; 30.325(13) ; 28.315(13) ; 29.858(13) ; 29.127(12) ; 26.212(12),SARS-CoV-2 diagnostic pcr Ct value 2,,,独立键(仅自身),测序/基因组/分析,否
virus identifier,1443435,freetext/high-card,病毒株标识，弱可挂 isolate 或新增,CV-B5(74) ; SARS-CoV-2(25) ; CV-A16(19) ; CV-A6(18) ; CV-A5(15) ; E-25(14) ; CV-A11(13) ; CV-A14(11) ; E-18(10) ; EV-C109(10) ; E-9(10) ; E-11(9) ; E-5(7) ; CV-A4(7) ; E-6(7),identified by,"Heyu Lin(2088) ; INMEGEN(1837) ; Tsurusaki, N(1482) ; MAARTEN J. M. CHRISTENHUSZ(1083) ; Maarten J. M. Christenhusz(931) ; RFLP-PCR assay of COI fragment(887) ; Douglas Boyes(833) ; J. A. Castillo Vardaro(705) ; Telleasha Greay(655) ; DAVID BELL(647) ; Joaquin Ortego(560) ; Elijah Juma(560) ; ANGUS DAVISON(546) ; Steven Falk(536) ; SD Schoville(532)",,独立键(仅自身),样本来源/材料,是
serotype (required for a seropositive sample),1265863,categorical,官方 serotype,A61(2) ; BVDV1a(2) ; H5N8(1) ; F40(1) ; B16/21(1) ; SAT1(1),serotype,O157:H7(10064) ; :H16(5627) ; O26:H11(4867) ; O103:H2(4444) ; O111:H8(3338) ; O13/O135:H14(2270) ; Emm28(2101) ; A(1586) ; O121:H19(1267) ; M89(1226) ; :H7(1081) ; O13:H14(987) ; O145:H28(881) ; 1/2a(847) ; :H2(805),,合并→ serotype,样本来源/材料,是
definition for seropositive sample,1264371,categorical,自由文本判定标准，无对应,"Ct &gt;36 for RRT PCR, &gt;1/16 HI titre with 4HAU antigen(1)",room sampling position,,,独立键(仅自身),宿主/临床,是
taxonomic classification,1211301,categorical,GTDB-Tk 输出，MAG技术簇,"GTDB-Tk;v1.3.0(reference from GTDB Release 95,species rank classification,default parameters)(21536) ; GTDB-Tk v1.1.1 (GTDB release 89, default parameters, classification rank genus)(19) ; GTDB-Tk v1.1.1 (GTDB release 89, default parameters, classification rank family)(1) ; GTDB-Tk v1.1.1 (GTDB release 89, default parameters, classification rank class)(1) ; GTDB-Tk v1.1.1 (GTDB release 89, default parameters, classification rank phylum)(1)",FAO classification,,组装/分箱/MAG-删,独立键(仅自身),测序/基因组/分析,否
MAG coverage software,1153584,categorical,MAG 覆盖度工具，MAG技术簇,bowtie2; v2.3.5.1(21536) ; BBMap v38.08(22),average temperature,,组装/分箱/MAG-删,独立键(仅自身),测序/基因组/分析,否
number of contigs,1019474,numeric,组装统计，MAG技术簇,23(5) ; 20(4) ; 47(3) ; 9(3) ; 43(3) ; 18(3) ; 31(2) ; 56(2) ; 45(2) ; 48(2) ; 42(2) ; 58(2) ; 13(2) ; 112(2) ; 195(2),number of pets,,组装/分箱/MAG-删,独立键(仅自身),测序/基因组/分析,否
GUNC clade separation score,1019328,empty/all-missing,全空列(GUNC/SPIRE)，无值,,microbial starter preparation,,组装/分箱/MAG-删,独立键(仅自身),测序/基因组/分析,否
GUNC contamination score,1019328,empty/all-missing,全空列,,fecal contamination value,,组装/分箱/MAG-删,独立键(仅自身),测序/基因组/分析,否
GUNC reference representation score,1019328,empty/all-missing,全空列,,reference material,"inclusivity SAFE(98) ; PulseNet Size Standard; Type Strain ATCC:BAA-664(9) ; NIST reference material for genome sequencing validation(7) ; Type Strain ATCC:BAA-1045(2) ; Salmonella Reference Collection, SGSC:2485(2) ; CDC PFGE Certification Isolate(2) ; Salmonella Reference Collection, SGSC:2487(1) ; Salmonella Reference Collection, SGSC:2213(1) ; Type Strain ATCC:9184(1) ; Type Strain ATCC:15480(1) ; Type Strain ATCC:39184(1) ; Salmonella Reference Collection, SGSC:2474(1) ; Salmonella Reference Collection, SGSC:2220(1) ; Salmonella Reference Collection, SGSC:2217(1) ; Salmonella Reference Collection, SGSC:2216(1)",组装/分箱/MAG-删,独立键(仅自身),测序/基因组/分析,否
GUNC version,1019328,empty/all-missing,全空列,,gap study version,,组装/分箱/MAG-删,独立键(仅自身),测序/基因组/分析,否
SPIRE genome cluster,1019328,empty/all-missing,全空列,,metagenome source,gut metagenome(19526) ; human gut metagenome(13043) ; marine metagenome(10995) ; groundwater metagenome(7326) ; freshwater metagenome(6214) ; human oral metagenome(4466) ; soil metagenome(4286) ; marine sediment metagenome(3517) ; activated sludge metagenome(3496) ; subsurface metagenome(3360) ; anaerobic digester metagenome(3177) ; wastewater metagenome(3034) ; hydrothermal vent metagenome(2720) ; bioreactor metagenome(2077) ; soda lake metagenome(2060),组装/分箱/MAG-删,独立键(仅自身),测序/基因组/分析,否
SPIRE genome id,1019328,empty/all-missing,全空列,,metagenome source,gut metagenome(19526) ; human gut metagenome(13043) ; marine metagenome(10995) ; groundwater metagenome(7326) ; freshwater metagenome(6214) ; human oral metagenome(4466) ; soil metagenome(4286) ; marine sediment metagenome(3517) ; activated sludge metagenome(3496) ; subsurface metagenome(3360) ; anaerobic digester metagenome(3177) ; wastewater metagenome(3034) ; hydrothermal vent metagenome(2720) ; bioreactor metagenome(2077) ; soda lake metagenome(2060),组装/分箱/MAG-删,独立键(仅自身),测序/基因组/分析,否
contig N50,1019328,empty/all-missing,全空列,,water content,"96,96(144) ; 95,54(140) ; Missing: Not provided(79) ; 80(52) ; 0.31(31) ; 0.27(17) ; 0.91(10) ; 0.25(8) ; 0.189(8) ; not measured(7) ; 0.94(7) ; 0.35(7) ; 0.33(7) ; 0.21(7) ; 3 gH2O/gDW(7)",组装/分箱/MAG-删,独立键(仅自身),测序/基因组/分析,否
derived from assembly,1019328,empty/all-missing,全空列(名义近 derived from 但无值),,derived from,"Human(1837) ; This BioSample is a metagenomic assembly obtained from the activated sludge metagenome BioSamples: SAMN08389165, SAMN08389166, SAMN08389167, SAMN08389168, SAMN08389169, SAMN08389170, SAMN08389171, SAMN08389172, SAMN08389173, SAMN08389174, SAMN08389175, SAMN08389176, SAMN08389177, SAMN08389178, SAMN08389179, SAMN08389180, SAMN08389181, SAMN08389182, SAMN08389183, SAMN08389184, SAMN08389185, SAMN08389186, SAMN08389187, SAMN08389188, SAMN08389189, SAMN08389190, SAMN08389191, SAMN08389192, SAMN08389193, SAMN08389194, SAMN08389195, SAMN08389196, SAMN08389197, SAMN08389198, SAMN08389199, SAMN08389200, SAMN08389201, SAMN08389202, SAMN08389203, SAMN08389204, SAMN08389205, SAMN08389206, SAMN08389207, SAMN08389208, SAMN08389209, SAMN08389210, SAMN08389211, SAMN08389212, SAMN08389213, SAMN08389214, SAMN08389215, SAMN08389216, SAMN08389217, SAMN08389218, SAMN08389219, SAMN08389220, SAMN08389221, SAMN08389222, SAMN08389223, SAMN08389224, SAMN08389225, SAMN08389226, SAMN08389227, SAMN08389228, SAM N08389229, SAMN08389230, SAMN08389231, SAMN08389232, SAMN08389233, SAMN08389234, SAMN08389235, SAMN08389236, SAMN08389237, SAMN08389238, SAMN08389239, SAMN08389240, SAMN08389241, SAMN08389242, SAMN08389243, SAMN08389244, SAMN08389245, SAMN08389246, SAMN08389247, SAMN08389248, SAMN08389249, SAMN08389250, SAMN08389251, SAMN08389252, SAMN08389253, SAMN08389254, SAMN08389255, SAMN08389256, SAMN08389257, SAMN08389258, SAMN08389259, SAMN08389260, SAMN08389261, and SAMN08389262(920) ; This BioSample is a metagenomic assembly obtained from the gut metagenome BioSamples: SAMN20206759,SAMN20206760,SAMN20206761,SAMN20206762,SAMN20206763,SAMN20206764,SAMN20206765,SAMN20206766,SAMN20206767,SAMN20206768,SAMN20206769,SAMN20206770,SAMN20206771,SAMN20206772,SAMN20206773,SAMN20206774,SAMN20206775,SAMN20206776,SAMN20206777,SAMN20206778,SAMN20206779,SAMN20206780,SAMN20206781,SAMN20206782,SAMN20206783,SAMN20206784,SAMN20206785,SAMN20206786,SAMN20206787,SAMN20206788,SAMN20206789,SAMN20206790,SAMN20206791,SAMN20206792,SAMN20206793,SAMN20206794,SAMN20206795,SAMN20206796,SAMN20206797,SAMN20206798,SAMN20206799,SAMN20206800,SAMN20206801,SAMN20206802(591) ; This BioSample is a metagenomic assembly obtained from the mouse gut metagenome BioSamples: SAMN14144348,SAMN14144349,SAMN14144350,SAMN14144351,SAMN14144352,SAMN14144353,SAMN14144354,SAMN14144355,SAMN14144356,SAMN14144357,SAMN14144358,SAMN14144359,SAMN14144360,SAMN14144361,SAMN14144362,SAMN14144363,SAMN14144364,SAMN14144365(590) ; This BioSample is a metagenomic assembly obtained from the mine drainage metagenome BioSamples: SAMN18898484, SAMN18898485, SAMN18898486, SAMN18898487, SAMN18898488, SAMN18898489, SAMN18898490, SAMN18898491, SAMN18898492, and SAMN18898493(566) ; This BioSample is a metagenomic assembly obtained from the Activated sludge metagenome BioSample:SAMN15648910(557) ; Human blood(556) ; This BioSample is a metagenomic assembly obtained from the human oral metagenome BioSample: SAMN09489426(527) ; This BioSample is a metagenomic assembly obtained from the groundwater metagenome BioSample: SAMN15459600(524) ; This BioSample is a metagenomic assembly obtained from the freshwater metagenome BioSample: SAMN17269717(516) ; This BioSample is a metagenomic assembly obtained from the PNA biofilm metagenome BioSample: SAMN14350132, SAMN14350134, SAMN14350135, SAMN14350144, SAMN14350146, SAMN14350147, SAMN14350154, SAMN14350155, SAMN14350160, SAMN14350166, SAMN14350167, SAMN14350168, SAMN14350177, SAMN14350178, SAMN14350179, SAMN14350189, SAMN14350190 and SAMN14350191.(430) ; PN9(418) ; PN8(418) ; This BioSample is a metagenomic assembly obtained from the bioreactor metagenome BioSamples: SAMN13418212, SAMN13418213, SAMN13418214, SAMN13418245, SAMN13418246, SAMN13418247, SAMN13418248, SAMN13418249, SAMN13418250, SAMN13418251, SAMN13418252, SAMN13418253, SAMN13418254, SAMN15778297, SAMN15778298, SAMN15778299, SAMN15778300, SAMN15778301, SAMN15778302, SAMN15778303, SAMN15778304, SAMN15778305, SAMN15778306, SAMN15778307, SAMN15778308, SAMN15778309, SAMN15778310, SAMN15778311, SAMN15778312, SAMN15778313, SAMN15778314, SAMN15778315, and SAMN15778316(403) ; Blood(401)",组装/分箱/MAG-删,独立键(仅自身),测序/基因组/分析,否
linked to SPIRE sample,1019328,empty/all-missing,全空列,,sample salinity,,组装/分箱/MAG-删,独立键(仅自身),测序/基因组/分析,否
linked to SPIRE study,1019328,empty/all-missing,全空列,,study name,The Cancer Genome Atlas (TCGA)(110122) ; eMERGE Network Phase III: HRC Imputed Array Data(105129) ; OncoArray: Prostate Cancer(99622) ; Low LDL Cholesterol and Increased Risk of Type 2 Diabetes(80286) ; Resource for Genetic Epidemiology Research on Aging (GERA)(78479) ; AACR Project GENIE(69212) ; DRIVE Breast Cancer OncoArray Genotypes(60231) ; Framingham Cohort(58525) ; HMP Core Microbiome Sampling Protocol A (HMP-A)(56215) ; Population Architecture using Genomics and Epidemiology - Women's Health Initiative Clinical Trial and Observational Study(56001) ; eMERGE Network Imputed GWAS for 41 Phenotypes(55029) ; OncoArray: Follow-up of Ovarian Cancer Genetic Association and Interaction Studies (FOCI)(51711) ; Yale SPORE in Skin Cancer Project 2(50989) ; Women's Health Initiative Clinical Trial and Observational Study(50385) ; eMERGE Network Phase III Clinical Sequencing: eMERGEseq Panel(49987),组装/分箱/MAG-删,独立键(仅自身),测序/基因组/分析,否
linked to analysis project,1019328,empty/all-missing,全空列,,links to additional analysis,,组装/分箱/MAG-删,独立键(仅自身),测序/基因组/分析,否
taxonomic classification software,1019328,empty/all-missing,全空列,,FAO classification,,组装/分箱/MAG-删,独立键(仅自身),测序/基因组/分析,否
brain region,986070,freetext/high-card,脑区解剖部位，官方 host anatomical part,"CP(14243) ; ACA,PL,ILA(12889) ; PIR(12827) ; M1(12185) ; SSp(11475) ; DG(10136) ; MOp(9940) ; CA(9500) ; FC(8194) ; MOs(7408) ; ACB(6266) ; ACC(6144) ; DHC(6140) ; MTG(6135) ; A5-A7(6132)",radiation regimen,,,独立键(仅自身),宿主/临床,是
ArrayExpress-SPECIES,948611,freetext/high-card,值=物种，归顶层 organism 字段,Homo sapiens(85637) ; Plasmodium falciparum(46106) ; Mus musculus(36215) ; Streptococcus pneumoniae(32200) ; Mus Musculus(27613) ; Anopheles gambiae(25504) ; Escherichia coli(16553) ; Saccharomyces cerevisiae(12493) ; Salmonella enterica(10314) ; Klebsiella pneumoniae(8791) ; gut metagenome(8415) ; Homo Sapiens(7869) ; Pseudomonas aeruginosa(6686) ; Plasmodium vivax(6210) ; Plasmodium berghei(6123),sub species,subsp. aestivum(1914) ; admixed-ind(815) ; trj(684) ; ind2(664) ; ind3(567) ; tej(539) ; admixed-jap(415) ; aus(376) ; Hordeum vulgare subsp. vulgare(355) ; familiaris(336) ; Gp3(316) ; enterica(301) ; ind1(278) ; Gp4(232) ; Gallus gallus gallus(127),,独立键(仅自身),样本来源/材料,是
gap_parent_phs,870993,freetext/high-card,dbGaP 母研究 phs，官方 gap accession,phs000200(118703) ; phs000788(78483) ; phs000007(64408) ; phs000280(59671) ; phs000178(38799) ; phs000743(32570) ; phs000810(26446) ; phs000287(24374) ; phs000209(23922) ; phs001442(22071) ; phs001078(18583) ; phs001194(18384) ; phs001133(16785) ; phs000285(13539) ; phs001120(12950),water current,mariana trench(32) ; not collecte(24) ; water(12) ; fructose_in_water(12) ; -590 v SHE(4) ; 0.6 (aw)(2) ; 0.54 (aw)(1) ; 0.64 (aw)(1) ; 0.55 (aw)(1) ; 0.53 (aw)(1) ; 0.42 (aw)(1) ; 0.425 (aw)(1) ; 0.65 (aw)(1) ; 0.49 (aw)(1) ; 0.548 (aw)(1),,独立键(仅自身),提交/数据库管理,否
Sampling Strategy,687063,categorical,采样策略，弱挂 purpose of sampling,Random sampling(7958) ; Suspect sampling(3539) ; Outbreak investigation(19),sampling site ID,BBAY34(1) ; BBAY41(1),,独立键(仅自身),测序/基因组/分析,否
receipt date,644768,freetext/high-card,样本接收日期，字典无对应(非 collection date),2021-06-08(3927) ; 2021-06-30(1422) ; 2021-02-01(1381) ; 2021-06-22(1380) ; 2021-07-06(1214) ; 2021-07-07(1137) ; 2021-06-29(1089) ; 2021-01-08(966) ; 2021-06-15(896) ; 2021-06-21(770) ; 2021-07-02(690) ; 2021-02-18(685) ; 2021-01-07(672) ; 2021-05-20(597) ; 2021-02-25(582),host recent travel return date,,,独立键(仅自身),提交/数据库管理,否
metagenomic,547195,categorical,布尔标志(1/true)，无 canonical,1(88332) ; true(18030) ; TRUE(11230) ; True(153) ; yes(1),metagenome source,gut metagenome(19526) ; human gut metagenome(13043) ; marine metagenome(10995) ; groundwater metagenome(7326) ; freshwater metagenome(6214) ; human oral metagenome(4466) ; soil metagenome(4286) ; marine sediment metagenome(3517) ; activated sludge metagenome(3496) ; subsurface metagenome(3360) ; anaerobic digester metagenome(3177) ; wastewater metagenome(3034) ; hydrothermal vent metagenome(2720) ; bioreactor metagenome(2077) ; soda lake metagenome(2060),宏基因组标签,独立键(仅自身),样本来源/材料,是
subject id,539615,freetext/high-card,受试者id，官方 host subject id,Subject6(458) ; Subject16(390) ; Subject12(295) ; Subject15(172) ; Subject14(159) ; Subject13(158) ; Subject3(153) ; Subject2(111) ; patient 2(107) ; patient 1(103) ; Subject1(102) ; CML1(96) ; CML2(96) ; CML3(96) ; Subject7(58),gap subject id,75847(557) ; 75911(550) ; 580816(480) ; 241831(345) ; 241683(310) ; 241712(303) ; 241721(290) ; 241691(288) ; 241832(287) ; 241817(283) ; 268876(283) ; 241783(282) ; 241672(281) ; 200064(281) ; 241755(279),,独立键(仅自身),宿主/临床,是
environmental-sample,533517,categorical,布尔标志，无 canonical,1(87403) ; true(7991) ; TRUE(6374),environmental medium,,,独立键(仅自身),样本来源/材料,是
SUBJECT_ID,439887,freetext/high-card,受试者id，同 subject id,SD2052v(1) ; BCR_MV_PBMC6667232(1) ; BCR_MV_PBMC6667233(1) ; BCR_MV_PBMC6667234(1) ; BCR_MV_PBMC6667235(1) ; BCR_MV_PBMC6667236(1) ; BCR_MV_PBMC6667237(1) ; BCR_MV_PBMC6667238(1) ; BCR_MV_PBMC6667239(1) ; BCR_MV_PBMC6667240(1) ; BCR_MV_PBMC6667241(1) ; BCR_MV_PBMC6667242(1) ; BCR_MV_PBMC6667243(1) ; BCR_MV_PBMC6667244(1) ; BCR_MV_PBMC6667245(1),gap subject id,75847(557) ; 75911(550) ; 580816(480) ; 241831(345) ; 241683(310) ; 241712(303) ; 241721(290) ; 241691(288) ; 241832(287) ; 241817(283) ; 268876(283) ; 241783(282) ; 241672(281) ; 200064(281) ; 241755(279),,独立键(仅自身),宿主/临床,是
individual,406097,freetext/high-card,个体id，归 host subject id,2(6249) ; 1(5485) ; 3(4454) ; 5(4136) ; 4(3257) ; D8(1572) ; D7(1265) ; D9(1237) ; CS7(1196) ; 6(949) ; D5(878) ; batch 2(846) ; 7(783) ; NA19098(767) ; D6(650),host number individual,,,独立键(仅自身),宿主/临床,是
scientific name,350753,freetext/high-card,物种学名，归顶层 organism 字段,Homo sapiens(44172) ; thuja plicata(4832) ; Gallus gallus(3590) ; homo sapiens(3588) ; Sus scrofa(3216) ; Aphis glycines(2841) ; Homo Sapien(2601) ; homo sapien(2306) ; Bos taurus(2282) ; Vigna unguiculata(1659) ; Arabidopsis thaliana(1593) ; Canis familiaris(1572) ; Triticum aestivum(1564) ; Anas platyrhynchos platyrhynchos(1210) ; Zea mays L.(982),infra specific name,Hordeum vulgare L. convar. vulgare var. hybernum Viborg(4803) ; Hordeum vulgare L. convar. distichon (L.) Alef. var. nutans (Rode) Alef.(2987) ; vulgare(988) ; Hordeum vulgare L.(533) ; Hordeum vulgare L. convar. vulgare var. coeleste L.(486) ; Hordeum vulgare L. convar. deficiens (Steud.) Mansf. var. deficiens (Steud.) Kérn.(390) ; Hordeum spontaneum K.Koch(384) ; Hordeum spontaneum K.Koch var. spontaneum(376) ; Hordeum vulgare L. convar. vulgare var. densum Sér.(360) ; Hordeum vulgare L. convar. vulgare var. parallelum Kérn.(304) ; Hordeum vulgare L. convar. vulgare var. himalayense (Rittig) Kérn.(216) ; Hordeum vulgare L. convar. distichon (L.) Alef. var. erectum (Rode) Alef.(214) ; Hordeum vulgare L. convar. vulgare var. subviolaceum Kérn.(192) ; Hordeum vulgare L. convar. vulgare var. nigripallidum Regel(181) ; Hordeum vulgare L. convar. vulgare var. rikotense Regel(155),,独立键(仅自身),样本来源/材料,是
organism,348731,freetext/high-card,顶层 organism 字段,human gut metagenome(12911) ; mouse gut metagenome(7072) ; soil metagenome(6172) ; metagenome(4854) ; marine metagenome(2939) ; human skin metagenome(1980) ; Mus musculus(1415) ; human metagenome(1064) ; bioreactor metagenome(851) ; gut metagenome(834) ; human oral metagenome(813) ; freshwater metagenome(789) ; chicken gut metagenome(775) ; Arabidopsis thaliana(725) ; human lung metagenome(694),organism count,"1(686) ; 6418(390) ; 80 adult females(335) ; 20(317) ; 5(316) ; ""e;N/A""(234) ; Expectoration(231) ; Total cells per mL NA(135) ; 100000 cells(100) ; #N/B(99) ; 2(94) ; fungi 1000000(92) ; 5 whole body flies(86) ; Clostridium difficile; 0 CFU/g of feces(84) ; 630000 cells/mL(83)",,独立键(仅自身),样本来源/材料,是
longitude,346186,numeric,经度，官方 latitude and longitude,37.24231(14371) ; -117.25(11916) ; -74.0059(6635) ; -105.27(6013) ; -117.258(4431) ; -117.257767(3506) ; -105.271(3315) ; -70.66(3186) ; -0.12(2857) ; -87.36(2756) ; -90.26(2386) ; -117.2(2330) ; -95.71(2325) ; 34.1(2313) ; -92.4699(1969),latitude and longitude,,,规范键(其他并入它),时空/环境,是
latitude,345872,numeric,纬度，官方 latitude and longitude,-2.63501(14371) ; 32.5(8902) ; 40.127(6635) ; 40.01(6585) ; 40.015(4462) ; 32.842(4431) ; 32.842674(3869) ; 51.5(3534) ; 32.84(3431) ; -33.45(3186) ; 32.8(2934) ; 41.47(2756) ; 38.65(2386) ; 32.7157(2369) ; 37.09(2325),latitude and longitude,,,规范键(其他并入它),时空/环境,是
ArrayExpress-Species,343985,freetext/high-card,值=物种，归顶层 organism 字段,Danio rerio(24033) ; Staphylococcus aureus(20955) ; Mus musculus(18442) ; Homo sapiens(15567) ; Saccharomyces cerevisiae(15344) ; Streptococcus pneumoniae(14923) ; Mus Musculus(12741) ; Plasmodium falciparum(12110) ; Escherichia coli(11181) ; Campylobacter sp.(7870) ; Mycobacterium tuberculosis(7732) ; Homo Sapien(6401) ; Neisseria meningitidis(5991) ; Klebsiella pneumoniae(4036) ; Campylobacter jejuni(3585),sub species,subsp. aestivum(1914) ; admixed-ind(815) ; trj(684) ; ind2(664) ; ind3(567) ; tej(539) ; admixed-jap(415) ; aus(376) ; Hordeum vulgare subsp. vulgare(355) ; familiaris(336) ; Gp3(316) ; enterica(301) ; ind1(278) ; Gp4(232) ; Gallus gallus gallus(127),,独立键(仅自身),样本来源/材料,是
cemba_id,320568,freetext/high-card,项目私有样本id(CEMBA脑图谱)，无对应,4B(2881) ; 1B(2838) ; 5H(2708) ; 2E(2698) ; 11F(2687) ; 3A(2676) ; 6A(2676) ; 8E(2673) ; 6B(2664) ; 1C(2649) ; 5G(2641) ; 9J(2611) ; 4F(2605) ; 5E(2604) ; 6D(2584),GISAID accession,EPI_ISL_775021(2) ; EPI_ISL_775022(2) ; EPI_ISL_775023(2) ; EPI_ISL_775024(2) ; EPI_ISL_775025(2) ; EPI_ISL_775026(2) ; EPI_ISL_775027(2) ; EPI_ISL_775028(2) ; EPI_ISL_671595(2) ; EPI_ISL_1922126(2) ; EPI_ISL_436097(2) ; EPI_ISL_2604841(2) ; EPI_ISL_1167307(2) ; EPI_ISL_1167299(2) ; EPI_ISL_1167304(2),,独立键(仅自身),提交/数据库管理,否
collection_timestamp,296874,freetext/high-card,采集时间戳，官方 collection date,2011(5408) ; 2016(3783) ; Missing: Not provided(3049) ; 2017(2004) ; 1/1/59 0:00(1546) ; 10/13/14(1535) ; 2014(1312) ; 5/7/15 0:00(1119) ; 1/1/14 0:00(1117) ; 2015(949) ; 2013(942) ; 2012(927) ; 1/1/59(851) ; 2010(830) ; 9/1/11(779),sample collection time duration value,,,独立键(仅自身),时空/环境,是
time,291247,freetext/high-card,时间点(24h/t2等)，官方 timepoint,8(2954) ; 6(2384) ; 11(2300) ; 5(2227) ; 0(2116) ; 24h(1826) ; 0h(1082) ; 48h(1074) ; 4(1060) ; D0 (without RFA)(1045) ; t2(896) ; 12(836) ; 2(784) ; 24(746) ; 2 hr(739),timepoint,1(11032) ; 0(10057) ; P7(5485) ; 2(5478) ; 48h(4947) ; 4(3931) ; 3(3689) ; KP_30w_ND(3208) ; P1(3194) ; T1(3025) ; E18.5(2852) ; 6h(2570) ; T2(2451) ; P21(2379) ; 24h(2261),,独立键(仅自身),时空/环境,是
physical_specimen_location,288551,freetext/high-card,标本存放地，官方 sample storage location / biospecimen repository,"UCSDMI(66955) ; University of Notre Dame(14371) ; NYU(12398) ; ANL(8918) ; UC Davis(5612) ; Cornell U(5105) ; Pawlowski Lab(3917) ; U Chicago(3593) ; CCME(3576) ; NYUMC(3368) ; Cambridge, MD(3315) ; Wash U(2516) ; NAU(2309) ; U Toronto(2250) ; UCSD(2156)",specifications,,,独立键(仅自身),提交/数据库管理,否
dna_extracted,282384,categorical,布尔标志，无 canonical,TRUE(128162) ; True(41173) ; true(22219) ; Yes(5731) ; 1(969) ; y(456) ; YES(379) ; n(284) ; FALSE(226) ; yes(129) ; False(112) ; 10/1/16 12:00(88) ; not yet(22) ; No(6) ; LabControl test(1),pooling of DNA extracts,,,独立键(仅自身),测序/基因组/分析,否
physical_specimen_remaining,281433,categorical,布尔标志，无 canonical,"FALSE(66555) ; TRUE(66010) ; True(21204) ; true(17531) ; False(16273) ; Yes(6088) ; missing: not provided(3147) ; false(2686) ; 0(375) ; SecondGenome(60) ; n(43) ; University of Washington, Seattle(28) ; No(16) ; yes(9) ; TRUEes(1)",experimental specimen role type,,,独立键(仅自身),提交/数据库管理,否
GISAID Accession ID,258877,freetext/high-card,官方 GISAID accession,EPI_ISL_581816(5) ; EPI_ISL_581943(3) ; EPI_ISL_581968(3) ; EPI_ISL_581987(3) ; EPI_ISL_830740(3) ; EPI_ISL_830737(3) ; EPI_ISL_830736(3) ; EPI_ISL_830738(3) ; EPI_ISL_830739(3) ; EPI_ISL_896091(3) ; EPI_ISL_896116(3) ; EPI_ISL_581920(3) ; EPI_ISL_896101(3) ; EPI_ISL_896102(3) ; EPI_ISL_930962(3),GISAID accession,EPI_ISL_775021(2) ; EPI_ISL_775022(2) ; EPI_ISL_775023(2) ; EPI_ISL_775024(2) ; EPI_ISL_775025(2) ; EPI_ISL_775026(2) ; EPI_ISL_775027(2) ; EPI_ISL_775028(2) ; EPI_ISL_671595(2) ; EPI_ISL_1922126(2) ; EPI_ISL_436097(2) ; EPI_ISL_2604841(2) ; EPI_ISL_1167307(2) ; EPI_ISL_1167299(2) ; EPI_ISL_1167304(2),,合并→ GISAID accession,提交/数据库管理,否
habitat,251171,freetext/high-card,生境(Woodland等)，弱挂 broad-scale environmental context,"Woodland(2705) ; Terrestrial(844) ; Marine(550) ; Freshwater(518) ; Rough grass(515) ; water(447) ; Other(404) ; Root(334) ; Riverine(297) ; arboreal(293) ; land(277) ; Woodland, grassland, hedges(236) ; soil(230) ; seagrass(214) ; Exposed rocky foreshore (rockpools and boulders on sandstone pavement)(213)",body habitat,UBERON:feces(53865) ; UBERON:skin(12717) ; UBERON:oral cavity(6002) ; UBERON:multicellular organism(2300) ; UBERON:gastro-intestinal system(1550) ; UBERON:gastrointestinal system(1463) ; UBERON:stomach(1390) ; UBERON:egg(626) ; Skin(612) ; UBERON:multi-cellular organism(542) ; UBERON:gut(477) ; UBERON:cecum(446) ; UBERON:respiratory system(364) ; UBERON:nostril(355) ; UBERON:genito-urinary system(297),,独立键(仅自身),时空/环境,是
geographic location (elevation),250661,numeric,海拔数值，官方 elevation,0(10885) ; 150(2561) ; 1(2177) ; 10(1994) ; 542.5(1345) ; 615(1312) ; 0-10(1231) ; 444(1173) ; 50(1167) ; 38(1086) ; 15(1073) ; 100(1016) ; 25(949) ; 11(930) ; 5(899),geographic location,,,合并→ elevation,时空/环境,是
batch,247563,freetext/high-card,处理批次，无 canonical,1(7897) ; 2(6400) ; batch_2(3170) ; 3(3079) ; batch_1(2385) ; 4(2101) ; b2(1476) ; b4(1452) ; b3(1356) ; b5(1344) ; b6(1152) ; b1(1042) ; batch1(867) ; batch_3(837) ; batch3(697),water catchment area population measurement,,,独立键(仅自身),提交/数据库管理,否
Replicate,246904,freetext/high-card,生物学重复，同 replicate,1(10281) ; 2(8888) ; R00(7208) ; 3(6178) ; Replicate1(2132) ; 4(1814) ; biological replicate 1(1782) ; biological replicate 2(1579) ; biological replicate 3(1360) ; A(1299) ; B(1088) ; 5(1014) ; C(943) ; Replicate 1(736) ; Replicate 2(734),technical sample replicate,,,独立键(仅自身),测序/基因组/分析,否
anatomical_part,234758,categorical,官方 host anatomical part,Nasopharynx (NP)(9470) ; Anterior Nares(6336) ; Nasopharynx(1076) ; Oropharynx (OP)(2) ; Placenta(1),host anatomical part,Nasal(38253) ; Nasopharynx (NP)(7652) ; Nasal Cavity(88) ; Oral cavity; Anus(56) ; nasopharynx(17) ; lung(16) ; Intestine(12) ; Anus(10) ; Middle Nasal Turbinate(5) ; Oropharynx (OP)(2) ; Trachea(1),,合并→ host anatomical part,样本来源/材料,是
identifier_affiliation,233664,freetext/high-card,机构隶属，机构名簇,University of Oxford(2817) ; Independent(2223) ; ROYAL BOTANIC GARDEN EDINBURGH(1539) ; MARINE BIOLOGICAL ASSOCIATION(1241) ; University of Nottingham(546) ; Environment Agency(469) ; NATURAL HISTORY MUSEUM(464) ; SANGER INSTITUTE(436) ; ROYAL BOTANIC GARDENS KEW(433) ; University of Edinburgh(396) ; CCAP(312) ; University of Exeter(258) ; MARINE BIOLOGICAL ASSOCIATION | MARINE BIOLOGICAL ASSOCIATION(249) ; NHM(219) ; CEAB-CSIC(212),identified by,"Heyu Lin(2088) ; INMEGEN(1837) ; Tsurusaki, N(1482) ; MAARTEN J. M. CHRISTENHUSZ(1083) ; Maarten J. M. Christenhusz(931) ; RFLP-PCR assay of COI fragment(887) ; Douglas Boyes(833) ; J. A. Castillo Vardaro(705) ; Telleasha Greay(655) ; DAVID BELL(647) ; Joaquin Ortego(560) ; Elijah Juma(560) ; ANGUS DAVISON(546) ; Steven Falk(536) ; SD Schoville(532)",,独立键(仅自身),提交/数据库管理,否
tolid,233383,freetext/high-card,Tree of Life 私有id(Sanger)，无对应,xgCorAspe14(40) ; xgCorAspe13(36) ; xgCorAspe10(34) ; bAccGen1(31) ; xgCorAspe8(31) ; xgCorAspe11(30) ; xgCorAspe12(29) ; ddBraNigr1(25) ; ddBraNigr2(25) ; ddBraNigr3(25) ; xgCorAspe15(24) ; wpGlyTrid1(23) ; uoThaRotu1(21) ; piColStei1(21) ; uhDiaLuth1(21),suspended solids,,,独立键(仅自身),提交/数据库管理,否
GAL,232540,categorical,Genome Acquisition Lab 机构名，机构名簇,Sanger Institute(3646) ; University of Oxford(2846) ; Royal Botanic Gardens Kew(2838) ; Natural History Museum(2105) ; Royal Botanic Garden Edinburgh(1773) ; Marine Biological Association(1708) ; Geomar Helmholtz Centre(671) ; Nova Southeastern University(514) ; University of Derby(204) ; Dalhousie University(44) ; Queen Mary University of London(20),alkalinity,"Missing: Not Provided(180) ; Missing: Not provided(96) ; 2317.5915492957747(72) ; 11-Oct(68) ; 6.6 ? 0.8(62) ; 6.9 ? 0.1(62) ; 6.6 ? 1.0(58) ; #N/A(47) ; Missing: Not collected(46) ; 5.8 ? 0.6(46) ; #N/B(40) ; 0,29(38) ; 2200(30) ; ND(28) ; not collecte(24)",,独立键(仅自身),提交/数据库管理,否
GAL_sample_id,231745,freetext/high-card,GAL 样本id，归 sample name,SAN0001347(39) ; SAN0001346(35) ; SAN0001343(33) ; SAN0001365(30) ; SAN3000202(30) ; SAN0001341(30) ; SAN0001344(29) ; SAN0001345(28) ; JoeLopez NSU22601(24) ; KDTOL10230(24) ; KDTOL10231(24) ; KDTOL10232(24) ; SAN0001348(23) ; CCAP1085/20(20) ; CCAP1615/3(20),gap sample id,190606(39) ; 188924(14) ; 198354(11) ; 192492(10) ; 192542(9) ; 194917(7) ; 188662(3) ; 188660(3) ; 274575(3) ; 119227(3) ; 200727(3) ; 200048(3) ; 196342(3) ; 194338(3) ; 193239(3),,独立键(仅自身),提交/数据库管理,否
tmp,224194,numeric,临时/垃圾列，丢弃,1(1407) ; 2(1388) ; 3(1347) ; 4(1246) ; 5(1196) ; 6(1146) ; 7(1064) ; 8(1047) ; 9(1020) ; 10(979) ; 11(954) ; 12(941) ; 13(865) ; 14(854) ; 15(832),wet mass,,,独立键(仅自身),提交/数据库管理,否
sequence_type,207124,numeric,MLST ST 号，字典缺，建议新增,11(20804) ; 19(5431) ; 34(4846) ; 152(3558) ; 245(2805) ; 32(2106) ; Novel(1879) ; 1(1807) ; 13(1403) ; 21(1151) ; 36(958) ; 22(929) ; 121(922) ; 29(912) ; 50(898),sequenced by,United States Department of Agriculture|Food Safety and Inspection Service(62021) ; FL(15689) ; United States Food and Drug Administration| Center for Food Safety and Applied Nutrition(15064) ; TX(11707) ; FDA Contracted Laboratory(11104) ; Laboratoire de Sante publique du Quebec (INSPQ)(9741) ; CA(8442) ; MN(8103) ; OH(8042) ; NY(7965) ; VA(7925) ; TN(7849) ; Illumina(6970) ; NC(6818) ; WI(6245),,独立键(仅自身),测序/基因组/分析,否
chip antibody,204801,freetext/high-card,ChIP 抗体，字典缺，建议新增,"H3K4me3, Millipore 04-745, lot:3243412, H3K27me3,millipore 07-449, #3146226(6993) ; H3K27ac(4728) ; H3K36me3, Active motif, Cat. 61101(3273) ; H3K27ac, Abcam, ab4729, Lot: GR3205526-1(2980) ; H3K27ac, Abcam, ab4729, Lot: GR3211959-1(2165) ; none (input)(1664) ; H3K4me3(1635) ; H3K27me3(1363) ; RNA PolII, abcam, ab5408, Lot:GR205997-15(852) ; input(828) ; H3K4me1(804) ; H3K27ac (Abcam, ab4729)(707) ; Input(539) ; ERG(471) ; H3K27Ac(412)",plant body site,root(3267) ; rhizosphere(1549) ; leaves(684) ; leaf(628) ; petal(601) ; Root(588) ; vegetative shoot system(576) ; non-vascular leaf [PO:0025075](461) ; soil(435) ; fine root(280) ; seed(264) ; Leaf(260) ; Rhizosphere(241) ; Soil(217) ; PO:bark(200),,独立键(仅自身),测序/基因组/分析,否
specimen_id,201544,freetext/high-card,标本id，归 specimen voucher / sample name,KDTOL00125(7) ; KDTOL00126(7) ; KDTOL00127(7) ; UDUK0000079(6) ; NHMUK_20200309_3(5) ; NHMUK_20200309_1(5) ; KDTOL00124(5) ; BW1-3(4) ; spalax_976(4) ; spalax_600(4) ; mouse_512(4) ; mouse_1023(4) ; mouse_1019(4) ; spalax_2230(4) ; spalax_2240(4),specimen voucher,"DAV(463) ; 15(132) ; 0(101) ; Experiments made use of destructive sampling method but sample seeds from each line is kept in pure stocks at Texas Tech University.(97) ; National Genomics Center for Wildlife and Fish Conservation laboratory collection, Missoula, MT., USA(96) ; JR 500 (NFLD)(56) ; not_applicable(45) ; Library preparation negative control(45) ; 1(39) ; SD(37) ; Bombus impatiens(36) ; Bombus griseocollis(35) ; Extraction negative control(34) ; MELU(33) ; 2(32)",,独立键(仅自身),提交/数据库管理,否
potential_contaminant,201410,freetext/high-card,污染物检测，无 canonical,None detected(84115) ; not_checked(7800) ; Shigella flexneri K-218(525) ; Listeria monocytogenes FSL F2-515(457) ; Shigella sonnei Ss046 uid58217(396) ; Morganella morganii subsp. morganii KT(221) ; Shigella flexneri 2a 301 uid62907(174) ; Listeria monocytogenes J1 220 uid179735(162) ; Shigella flexneri 2002017 uid159233(134) ; Campylobacter jejuni NCTC 11168 BN148 uid174152(117) ; Salmonella enterica subsp II salamae(113) ; Escherichia coli clone D i2 uid162047(91) ; Escherichia coli K 12 substr W3110 uid161931(77) ; Listeria monocytogenes FSL N1-017(72) ; Escherichia coli SE15 uid161939(69),surface-air contaminant,,,独立键(仅自身),测序/基因组/分析,否
target gene,200865,freetext/high-card,扩增子靶标(16S/ITS)，MIMARKS字段，字典缺，建议新增,16S rRNA(19806) ; 16S(9847) ; 18S(7749) ; 16S rRNA gene(4708) ; ITS(4409) ; 16s rRNA(2585) ; 18S_rRNA(2435) ; V4(2197) ; SSU rRNA(1927) ; 18S rRNA(1734) ; 16S rDNA(1477) ; ITS rRNA(1293) ; ITS1(1122) ; ITS2(1033) ; 16s(884),wastewater surveillance target 2 gene,,,独立键(仅自身),测序/基因组/分析,否
sample_id,199686,freetext/high-card,样本id，官方 sample name,1(64) ; 2(62) ; 3(62) ; 11(58) ; 4(57) ; 10(57) ; 12(57) ; 5(56) ; 6(56) ; 13(56) ; 14(55) ; 15(55) ; 16(55) ; 17(53) ; 20(53),gap sample id,190606(39) ; 188924(14) ; 198354(11) ; 192492(10) ; 192542(9) ; 194917(7) ; 188662(3) ; 188660(3) ; 274575(3) ; 119227(3) ; 200727(3) ; 200048(3) ; 196342(3) ; 194338(3) ; 193239(3),,独立键(仅自身),提交/数据库管理,否
