char_fp,freq
geolocname,24014252
collectiondate,23697702
isolationsource,16915243
isolate,14926099
samplename,14532563
host,14042343
studyname,13200391
gapaccession,13199605
gapsampleid,13199575
gapsubjectid,13199575
biospecimenrepository,13199145
submitterhandle,13199145
submittedsampleid,13199123
submittedsubjectid,13199117
biospecimenrepositorysampleid,13199115
sex,13064536
latlon,13048975
studydesign,12495997
geographiclocationcountryandorsea,12173524
gapconsentcode,11220611
gapconsentshortname,11087799
insdclastupdate,10370452
insdcfirstpublic,9474563
enafirstpublic,9062191
tissue,8421374
analytetype,8091083
collectedby,8082296
strain,7444330
bodysite,6846076
hostdisease,6268850
age,5992413
hostscientificname,5980641
geographiclocationregionandlocality,5804997
sourcename,5692438
istumor,5231623
enalastupdate,5229723
samplecapturestatus,5229662
hostsubjectid,4777602
hosthealthstate,4704462
hostcommonname,4670286
hostsex,4545958
geographiclocationlongitude,4454015
geographiclocationlatitude,4453534
projectname,4357432
envbroadscale,3952427
envmedium,3888006
envlocalscale,3887892
subjectisaffected,3318585
histologicaltype,3289371
hostage,3222173
devstage,2998784
environmentalmedium,2919943
broadscaleenvironmentalcontext,2919602
samplederivedfrom,2914227
localenvironmentalcontext,2882079
purposeofsequencing,2826657
metagenomicsource,2806766
assemblysoftware,2744402
binningsoftware,2733555
binningparameters,2733447
sampletype,2680175
treatment,2678466
completenessscore,2658848
completenesssoftware,2652741
assemblyquality,2628046
contaminationscore,2616295
taxonomicidentitymarker,2602094
biomaterialprovider,2468961
moleculardatatype,2461150
collectionmethod,2337778
genotype,2326099
cultivar,2282241
celltype,2243758
collectiondevice,2146295
ecotype,2080472
sequencingmethod,2067162
diagnosticpcrprotocol1,2036700
hostrace,2008438
investigationtype,1986620
depth,1694082
sequencedby,1621432
studydisease,1520662
diagnosticpcrprotocol2,1511863
diagnosticpcrprotocol3,1511863
diagnosticgenename3,1511786
diagnosticpcrctvalue3,1511761
breed,1354682
serotyperequiredforaseropositivesample,1265863
taxonomicclassification,1211301
sourcematerialid,1168630
magcoveragesoftware,1153584
environmentbiome,1076494
cellline,1068965
environmentfeature,1067760
serovar,1050189
environmentmaterial,1042375
numberofcontigs,1019474
gisaidvirusname,1007375
organismpart,1002488
isolgrowthcondt,980312
gender,842901
elev,809119
sourcetype,785826
purposeofsampling,781732
isolatenamealias,751278
envmaterial,742966
sampcollectdevice,724780
disease,670416
envbiome,665061
developmentalstage,665002
gisaidaccession,601945
specimenvoucher,583610
envfeature,575819
sampsize,558334
refbiomaterial,552444
sampmatprocess,548924
metagenomesource,520220
elevation,462395
identifiedby,402653
hostdescription,391182
phenotype,385008
hosttissuesampled,376758
numreplicons,368983
derivedfrom,365787
temp,358836
longitude,346186
latitude,345872
diseasestate,319869
altitude,315895
reltooxygen,294870
population,294132
hosttaxid,279773
ethnicity,277671
gisaidaccessionid,258877
bodyproduct,256019
geographiclocationelevation,250661
anatomicalpart,234758
country,228444
lifestage,227787
hostbodyproduct,227187
wwsampleduration,225405
wwsamplematrix,225381
wwsampletype,225381
wwpopulation,225376
foodorigin,225259
wwsurvtarget1,225091
wwsurvtarget1knownpresent,225078
timepoint,222481
sampledescription,221967
serotype,219706
ploidy,209070
envpackage,207799
sequencetype,207124
hostlifestage,206243
culturecollection,206201
chipantibody,204801
purposeofwwsampling,201832
targetgene,200865
hostgenotype,194417
diseasestage,193206
wwsamplesite,187608
estimatedsize,186406
sampstoretemp,179917
wwsurvsystemsampleid,178114
samplecollectiondeviceormethod,164634
race,164312
ph,163239
healthstate,160361
wwsurvtarget1gene,157326
storecond,156435
miscparam,156357
chemadministration,156211
wwsurvjurisdiction,155830
material,155266
wwsurvtarget1concunit,154719
propagation,154103
tissuetype,149630
hostbodyhabitat,149564
hostdiet,149165
geographiclocation,146434
hostbodysite,142084
wwsurvtarget1conc,137908
growthprotocol,137434
hostheight,134868
hostbodymassindex,133331
description,132406
genotypevariation,123471
passagehistory,121587
biome,121070
hostphenotype,118155
wwflow,114888
ifsaccategory,114446
feature,114399
birthdate,112946
sampstoreloc,112171
birthlocation,110577
diet,110271
referenceforbiomaterial,103834
cellsubtype,103690
sampvolwednaext,102977
labhost,100308
wwsurvtarget1protocol,98783
sampstoredur,98741
label,98444
hosttotmass,97905
soiltype,96995
latitudeandlongitude,95006
purposeofwwsequencing,93408
specifichost,90430
salinity,88906
isolationandgrowthcondition,88873
sampletitle,88458
sewagetype,82993
perturbation,82318
sieving,81334
hostdiseaseoutcome,77889
plantstructure,76134
bmi,75876
bioticrelationship,72906
hostanatomicalpart,71717
wwpopulationsource,69453
collectionsiteid,69297
plantgrowthmedium,68937
soiltypemeth,66377
bodyhabitat,66169
wwprocessingprotocol,66037
temperature,65020
microbialbiomassmeth,64756
vaccinereceived,64411
breedingmethod,63713
microbialbiomass,63710
hostlength,63662
heightorlength,62525
sizefrac,60162
matingtype,60072
organismcount,59365
environmentalpackage,59327
subtype,58453
biologicalreplicate,58243
subgroup,55112
season,54838
foodsource,54506
deathdate,53661
breedinghistory,52388
run,52193
samplecollectionmethod,51772
phmeth,51263
studbooknumber,50326
totnitro,49604
sourcematerialidentifiers,49327
nitrate,49271
pathogenicity,48683
infraspecificname,48421
biomaterial,47662
phosphate,46357
developmentstage,45970
sarscov2diagpcrctvalue1,45807
agrochemaddition,45334
hoststatus,45182
negconttype,44849
curvegetation,43800
samplestoragetemperature,43520
taxid,42664
experimentalfactor,41830
projectaccession,41570
dose,41069
sourceofuvigs,40908
foodproducttype,40891
virusenrichmentapproach,40377
virusenrichappr,40336
sarscov2diaggenename1,40158
sourceuvig,39737
gastrointestdisord,39099
ammonium,39065
totorgcarb,38581
dissoxygen,38469
wwpretreatment,37508
omicsobservid,36798
localscaleenvironmentalcontext,36737
collsitegeofeat,36648
growthfacility,36060
pathotype,35755
oxystatsamp,35109
hostfamilyrelationship,33968
hostdiseasestage,33897
intendedconsumer,33559
samplevolumeorweightfordnaextraction,32053
nitrite,31872
passagemethod,31481
chlorophyll,30900
hostspecimenvoucher,30785
hostbodytemp,30683
silicate,29332
curlanduse,29326
animalenv,29104
dateofsarscov2vaccination,29002
agent,28910
dominanthand,28888
annualseasonprecpt,28735
hostlastmeal,28674
posconttype,28592
karyotype,27721
smoker,26946
annualseasontemp,26807
hostrecenttravelloc,26458
hostoccupation,26397
passagenumber,26237
texture,26058
sulfate,25827
watercontentsoilmeth,25018
croprotation,24970
buildingsetting,23372
wateringregm,22980
organ,22490
pooldnaextracts,22319
chloride,22233
watercontentsoil,22143
wwtemperature,21611
medichistperform,21584
alkalinity,21546
pregnancy,21412
totorgcmeth,21383
geographiclocationcountryandorsearegion,21239
plantbodysite,20939
airtemp,20831
biomass,20819
familyid,20766
calcium,20720
wwendogcontrol1,20542
ventilationtype,20426
biolstat,20352
lighttype,20263
hostpulse,20130
totnmeth,20128
relairhumidity,20072
carbdioxide,20053
absairhumidity,19988
buildoccuptype,19962
indoorspace,19961
filtertype,19960
heatcooltype,19960
occupsamp,19960
occupantdenssamp,19960
spacetypstate,19960
typoccupantdens,19960
potassium,19959
oxygen,19889
density,19625
hostinfraspecificname,19554
wgaamplificationapproach,19388
priorsarscov2vaccination,18634
hostanatomicalmaterial,18608
ihmcmedicationcode,18449
annualprecpt,18277
totdepthwatercol,18184
sodium,18121
repository,18119
magnesium,18060
localclass,17927
substrain,17898
totmass,17832
airtempregm,17787
compound,17672
negativecontroltype,17655
sampsalinity,17490
wwendogcontrol1protocol,17284
geneticmodification,17283
wwendogcontrol1units,17161
dissorgcarb,16965
samplestoragelocation,16878
watercontent,16769
annualtemp,16673
horizon,16478
positivecontroltype,16332
conduc,16245
samplematerialprocessing,16187
wwendogcontrol1conc,16117
extremeevent,16094
antiviraltreatmentagent,16071
faoclass,15975
previouslanduse,15919
dissinorgcarb,15754
fire,15669
diseasestatus,15603
foodprodchar,15238
liverdisord,15131
hostinfraspecificrank,15101
wwsurvtarget2,15079
wwph,14927
cell,14868
localclassmeth,14798
drainageclass,14670
specialdiet,14660
texturemeth,14536
curvegetationmeth,14358
hostdependence,14306
salinitymeth,14293
hostcolor,14162
trophiclevel,14052
symlifecycletype,13922
substrate,13665
numberofreplicons,13610
wwsurvtarget2concunit,13585
collectionyear,13433
geolocexposure,13330
pressure,13305
hostgrowthcond,13121
nitro,13115
wwsurvtarget2gene,12844
subspecies,12711
exposureevent,12638
wwsurvtarget2conc,12635
wwsurvtarget2knownpresent,12598
virusisolateofpriorinfection,12553
dateofpriorantiviraltreat,12525
seasonenvironment,12498
clone,12365
accession,12286
sampmattype,12257
dateofpriorsarscov2infection,12233
tillage,12073
hostrecenttravelreturndate,11996
disscarbdioxide,11989
linkclimateinfo,11977
climateenvironment,11803
hosttotalmass,11802
alsat,11769
turbidity,11708
subsrcnote,11680
slopegradient,11661
familyrole,11650
relationship,11461
flooding,11455
profileposition,11266
orgcarb,11072
alsatmeth,11054
previouslandusemeth,10954
orgmatter,10862
bromide,10816
tissuelib,10749
slopeaspect,10633
sourcematid,10618
methane,10612
fluor,10604
hostdrymass,10547
heavymetals,10410
pathovar,10397
bioticregm,10396
bodymassindex,10318
sarscov2diaggenename2,10293
gravidity,10258
subspecfgenlin,10231
horizonmeth,10168
heavymetalsmeth,10134
wwtotalsuspendedsolids,9923
fertilizerregm,9766
linkclassinfo,9756
linkadditanalys,9717
foodprocessingmethod,9634
extremesalinity,9633
partorgcarb,9628
wastewatertype,9583
wwindustrialeffluentpercent,9534
hostsubstrate,9475
miscellaneousparameter,9465
sulfide,9409
hostdiseasestat,9352
facilitytype,9117
redoxpotential,9108
plantstruc,9098
tissuecelltype,8967
plantproduct,8869
totphosp,8798
hostsubspecfgenlin,8728
dissorgnitro,8703
hostsymbiont,8615
growthfacil,8607
typestatus,8565
componentorganism,8548
hostgender,8264
sizefractionlowerthreshold,8246
foodcontactsurf,8187
extrachromelements,7948
phaeopigments,7919
totdissnitro,7892
variety,7801
orgnitro,7765
plantgrowthmed,7712
gestationstate,7534
geographicallocation,7488
disshydrogen,7468
field,7442
totcarb,7435
carbnitroratio,7410
wwsurvtarget2protocol,7408
phosplipidfattacid,7385
reactortype,7383
samplesize,7266
dietherlipids,7223
samplestorageduration,7221
conductivity,7207
watertempregm,7170
hostid,7122
soiltextmeasure,7102
wwprimarysludgeretentiontime,7068
soilhorizon,7030
currentlanduse,6917
knownpathogenicity,6770
riskgroup,6584
totaldepthofwatercolumn,6577
foodtypeprocessed,6555
sizefracup,6544
buildingoccupancytype,6500
indoorsurf,6496
tidalstage,6442
hostshape,6437
drugusage,6351
bacteriacarbprod,6327
donorsex,6307
samplingdate,6218
sizefractionupperthreshold,6145
fungicideregm,6040
sarscov2diagpcrctvalue2,6030
runaccession,5918
isolatename,5872
solublereactphosp,5789
geneticmod,5781
alkyldiethers,5703
sampsourcematcat,5647
aminopeptact,5615
petroleumhydrocarb,5594
pulmonarydisord,5559
sampstordevice,5529
foodproductqual,5450
airtemperatureregimen,5445
lightregimen,5407
bishomohopanol,5398
gastrointestinaltractdisorder,5342
phmethod,5331
sampstormedia,5306
spacetypicalstate,5305
nalkanes,5280
dermatologydisord,5272
mechanicaldamage,5266
meanpeakfrictvel,5253
dissinorgnitro,5221
growthmed,5178
glucosidaseact,5169
dissinorgphosp,5166
meanfrictvel,5159
watercurrent,5122
herbicideregm,5119
wwsurvtarget1extractunit,5065
relationshiptooxygen,5036
adjacentenvironment,4998
hosthousing,4989
dissolvedcarbondioxide,4950
chemicaladministration,4899
familyrelationship,4874
wwsurvtarget1extract,4838
totalorganiccarbon,4825
cultisoldate,4768
hostsubspecificgeneticlineage,4683
envmonitoringzone,4678
geographiclocationlocality,4670
surfacematerial,4660
isolatesource,4653
airtemperature,4629
porosity,4562
petfarmanimal,4556
hosthivstat,4551
relativeairhumidity,4547
growthmedia,4538
batchnumber,4535
hostbloodpressdiast,4529
samplecollectiondate,4489
totpartcarb,4450
ancesdata,4447
dissolvedorganiccarbon,4446
birthcontrol,4416
familymember,4340
suspendpartmatter,4334
oxygenationstatusofsample,4317
surftemp,4313
biocideused,4285
wwsurvtarget2extractunit,4275
partorgnitro,4254
foodqualitydate,4247
wwsamplesalinity,4237
locationinfacility,4207
wwendogcontrol2units,4194
occupancyatsampling,4189
celllines,4187
fertilizeradmin,4180
labelclaims,4114
hostbloodpresssyst,4111
hostanimalbreed,4088
windspeed,4088
wwendogcontrol2,4064
nathost,4063
wwendogcontrol2conc,4060
biovar,4035
soiltexturemeth,3985
wwendogcontrol2protocol,3985
foodpreservproc,3935
storageconditionsfreshfrozenother,3888
heatingandcoolingsystemtype,3845
occupantdensityatsampling,3845
typicaloccupantdensity,3845
encodedtraits,3839
hostvariety,3836
cells,3834
fertilizerregimen,3789
indoorsurfsubpart,3776
particleclass,3736
rellocation,3731
foodcontainwrap,3716
hostgroupsize,3702
sedimenttype,3700
sizefraclow,3693
surfaceorientation,3650
referencematerial,3649
materialcondition,3605
urogenittractdisor,3582
nitrogen,3578
foodindustrycode,3546
menopause,3519
alkalinitymethod,3504
sourcetissue,3479
foodprod,3449
surfmaterial,3446
samplesalinity,3417
seasontemp,3413
douche,3399
wwsurvtarget2extract,3391
foodingredient,3379
hostspecies,3337
sampdisstage,3293
superpopulationcode,3281
farmwatersource,3280
rainfallregm,3265
upstreamintervention,3252
urinecollectmeth,3244
foodindustryclass,3229
morphology,3189
humidity,3170
bioticregimen,3169
wateringregimen,3128
carbondioxide,3125
amnioticfluidcolor,3116
totalphosphorus,3112
growthmedium,3111
absoluteairhumidity,3109
farmequip,3102
totnitrocontmeth,3100
address,3068
plantwatermethod,3068
specintendedcons,3068
foodadditive,3066
hostam,3048
foodprodsynonym,3041
phregm,3038
animalintrusion,3032
gynecologicdisord,2998
fermentationtime,2979
foodpackintegrity,2970
alt,2966
dietlastsixmonth,2960
foodpackmedium,2959
studycompltstat,2957
microbialstartersource,2952
lightintensity,2948
seasonprecpt,2912
diseasestat,2904
serogroup,2904
gaseousenvironment,2889
microbcultmed,2837
mineralnutrregm,2829
weightloss3month,2779
extrweatherevent,2750
sanitizerusedpostharvest,2743
foodcleanproc,2742
currentvegetation,2724
downpar,2723
pulse,2716
saltregm,2714
hosthivstatus,2693
secondarytreatment,2668
organiccarbon,2644
weekday,2630
sampcollectmethod,2616
chemoxygendem,2613
antibioticregm,2611
humidityregm,2603
populationdescription,2584
superpopulationdescription,2583
sludgeretenttime,2559
pesticideregm,2557
standingwaterregm,2520
colectiondate,2516
dissolvedoxygen,2514
fermentationvessel,2497
meanannualandseasonaltemperature,2466
chemmutagen,2433
radiationregm,2426
kidneydisord,2390
yearisolated,2363
winddirection,2362
soildepth,2353
maternalhealthstat,2341
enrichmentprotocol,2340
meanannualandseasonalprecipitation,2327
totalnitrogen,2287
bacprod,2272
soilcover,2257
fermentationph,2250
subsourcenote,2238
orgmodnote,2235
nonmineralnutrregm,2221
fermentationtemperature,2214
hostwetmass,2178
atmosphericdata,2176
sampledate,2163
menarche,2157
healthdiseasestat,2151
celllineage,2121
suspendsolids,2068
treatmentprotocol,2062
hivstat,2055
nosemouthteeththroatdisord,2052
growthhabit,2001
compositedesignsievingifany,1995
sexualact,1992
bacresp,1981
narmsisolatenumber,1968
sampcaptstatus,1955
specific,1955
plantsex,1948
nosethroatdisord,1917
growthhormoneregm,1911
twinsibling,1907
cultresult,1905
trainline,1904
traveloutsixmonth,1896
hysterectomy,1884
culttarget,1847
rootcond,1833
soilph,1830
foetalhealthstat,1826
gravity,1810
soiltemp,1800
biologicalstatus,1784
primarytreatment,1770
samprepbiol,1767
bloodblooddisord,1757
microbialbiomassmethod,1753
timesincelastwash,1747
hostnumber,1744
samppooling,1728
hostgrowthconditions,1726
primaryprod,1722
tissuedevelopmentalstage,1714
hrt,1707
hostbmi,1701
cultresultorg,1686
tisscultgrowthmed,1686
organicmatter,1673
subspecificgeneticlineage,1670
totinorgnitro,1658
hivstatus,1657
totaln,1656
photonflux,1650
carbapenemase,1636
dermatologydisorder,1629
authority,1608
sameas,1599
roomtype,1594
barometricpress,1593
medicalhistoryperformed,1589
fluorescence,1544
typeofsymbiosis,1542
hosttaxonomyid,1534
betalactamasefamily,1530
edtainhibitortested,1528
haplotype,1528
storageconditions,1495
biochemoxygendem,1494
soiltypemethod,1479
geographiclocationlatitudeandlongitude,1467
timelasttoothbrush,1454
submitter,1415
ihmcethnicity,1413
observedbioticrelationship,1407
hosttaxonid,1382
strainid,1374
basinname,1355
drymass,1351
observedhostsymbionts,1341
developmentalstages,1331
pretreatment,1331
tertiarytreatment,1326
tissueorigin,1320
typestrain,1315
api,1313
hcr,1309
hcproduced,1309
soiltaxonomicfaoclassification,1300
totaldissolvednitrogen,1290
totn,1283
historypreviouslanduse,1281
urogenitdisord,1242
mineralnutrientregimen,1239
totphosphate,1226
hostname,1202
areasampsize,1197
rootingconditions,1187
subclone,1182
relationshiptype,1178
soiltextureclass,1168
totalmass,1159
experimentalprotocol,1149
traveloutsidethecountryinlastsixmonths,1129
geographiclocationcountry,1124
totalorganiccmethod,1123
hostspecrange,1119
imagefile,1087
geographiclocationcountryregionarea,1071
efficiencypercent,1058
lightregm,1040
hcrtemp,1033
sulfatefw,1033
vfafw,1033
teleomorph,1011
samplingsiteid,987
strainorline,972
meanannualprecipitation,971
humidityregimen,962
lotnumber,953
solubleinorgmat,944
anamorph,928
hostorganism,923
gaseoussubstances,922
outbreak,917
substructuretype,886
seasonalenvironment,878
animwatermethod,867
studyinctemp,863
surfacemoisture,853
fermtime,847
solubleorgmat,837
strainnamealias,833
lastmeal,833
additionalinfo,828
industeffpercent,816
inorgparticles,810
sampreptech,804
emulsions,797
waterph,782
indoorsurface,776
narmsid,773
sampletransporttemperature,765
cultureresult,760
meanannualtemperature,747
spikeinstrain,739
sampcollecmethod,723
liverdisorder,722
orgparticles,715
sampletransportduration,715
fermmedium,713
dissolvedinorganiccarbon,711
rootingmediumph,708
dateofcollection,707
animaldiet,707
annualandseasonalprecipitation,706
annualandseasonaltemperature,706
studytmnt,706
avgoccup,701
cultrootmed,685
animalenvironment,684
watersourceshared,683
texturemethod,681
linkstoadditionalanalysis,678
culturerootingmedium,663
bacterialdensity,652
historycroprotation,652
totalorganiccarbonmethod,626
samplegender,619
seasonhumidity,612
totalcarbon,589
priorsarscov2antiviraltreat,578
builtstrucage,563
rootingmediummacronutrients,555
animalamdur,551
avgtemp,550
salinitymethod,545
sampsortmeth,538
studyincdur,537
samplecollectionpoint,528
wwsystemtype,524
watercatchmentareapopulation,519
diseases,517
foodtravmode,517
foodtravvehic,515
rootingmediumcarbon,514
rootingmediummicronutrients,513
floorarea,510
floorstruc,510
lastclean,510
sampstoresol,505
isolationyear,497
ancestraldata,492
numberpets,490
chemicaltreatment,486
fermtemp,483
spikeinorg,477
cropyield,471
foodtreatproc,470
samplecollectiontimeduration,466
microbstarttaxid,460
gynecologicaldisorder,457
nosemouthteeththroatdisorder,457
dewpoint,451
soiltemperature,450
pollutants,438
priorsarscov2infection,436
samplestoragedevice,431
rootingmediumsolidifier,420
genderrestroom,417
samplingdevice,415
samplesubtype,415
samplepooling,399
watercontentofsoil,390
solarirradiance,389
consfoodstortemp,387
animalsex,380
geographicorigin,376
presenceofpetsorfarmanimals,376
rootingmediumregulators,376
rootmedmacronutr,370
rootmedph,370
fermvessel,367
consfoodstordur,366
poolingofdnaextractsifdone,366
rootmedcarbon,366
animalbodycond,362
timecourseduration,359
herbicideregimen,353
rainfallregimen,353
soiltexturemeasurement,351
samptransporttemp,347
foodharvestproc,343
farmequipshared,342
farmequipsan,340
conspurchdate,339
rootingmediumorganicsupplements,330
samproomid,329
sludgeretentiontime,327
fermchemadd,326
freqclean,325
partplantanimal,322
soiltaxonomiclocalclassification,313
envbroadrange,311
waterfeatsize,311
isolatedby,309
presanimalinsect,309
particulateorganiccarbon,308
photosyntactivmeth,308
walllocation,308
bioproject,305
timeofsamplecollection,304
modeoftransmission,304
routeoftransmission,304
collectionsitegeographicfeature,296
photosyntactiv,296
envlocalrange,295
historyagrochemicaladditions,293
soilconductivity,293
foodcookingproc,292
occupation,290
totsulfur,282
foodpriorcontact,280
iwf,276
sampcollectpoint,276
addrecovmethod,276
watercut,276
radiationregimen,273
currentvegetationmethod,270
dissolvedinorganicphosphorus,265
permeability,261
particulateorganicnitrogen,259
primaryproduction,259
studytimecourse,251
biologicalsamplereplicate,249
fermph,246
spikeincount,246
totaliron,246
fermheadspaceoxy,243
biologicalmaterial,237
spikeinserovar,233
sizefractionselected,227
soiltexturemethod,215
infraspecificrank,211
extremeunusualpropertiessalinity,209
childof,208
historyextremeevents,208
airpmconcen,205
fermchemaddperc,205
antibioticregimen,204
fertilizerdate,204
fooddispoint,200
foodpackcapacity,199
linktoclimateinformation,196
geneticvariation,194
microbiologicalculturemedium,192
sampweather,192
animalamfreq,191
animalamuse,191
animalamroute,191
foodproductorigingeographiclocation,189
fooddispointcity,187
hostbodytemperature,187
sexualactivity,186
fungicideregimen,184
consqtypurchased,180
totalnitrogencontentmethod,180
urinecollectionmethod,178
haccpterm,175
foodtracelist,175
resppartmatter,172
historyflooding,172
dissolvedinorganicnitrogen,170
surfaircont,170
animalfeedequip,168
sourceofisolate,163
spikeinamr,161
spikeingrowthmed,161
spikeinantibiotic,161
spikeinmetal,161
carbonnitrogenratio,160
extrachromosomalelements,160
surfhumidity,159
surfmoisture,159
surfmoistureph,159
foodproductsynonym,157
symbiotichostorganismlifecycletype,155
foodsourceage,149
developmentstages,147
bloodpressurediastolic,146
bloodpressuresystolic,146
historytillage,146
suspendedparticulatematter,145
fieldname,144
spikeinorganism,144
suspendedsolids,141
ventilationrate,139
associationduration,137
linktoclassificationinformation,135
originalsubjectid,135
adjroom,130
chemicaloxygendemand,130
wastewaterindustrialeffluentpercent,128
wastewaterph,128
wastewaterpopulationsource,128
wastewaterpretreatment,128
wastewaterprimarysludgeretentiontime,128
wastewaterprocessingprotocol,128
wastewatersamplesalinity,128
wastewatersurveillancetarget1concentration,128
wastewatersurveillancetarget1gene,128
wastewatersurveillancetarget1protocol,128
wastewatertemperature,128
wastewatertotalsuspendedsolids,128
interagencyfoodsafetyanalyticscollaborationifsaccategory,126
dietaryclaimuse,126
averagetemperature,117
serovarorserotype,115
samplingeventid,110
organismstrain,109
benzene,106
ethylbenzene,106
historyfire,106
toluene,106
hostcellularloc,102
downwardpar,100
bacterialproduction,99
foodproductioncharacteristics,97
presenceofpetsanimalsorinsects,94
specifications,88
coolsystid,86
modetransmission,85
saltregimen,84
watercontentofsoilmethod,84
rootmedsolid,80
lithology,77
solublereactivephosphorus,75
symbionthostrole,74
phregimen,74
celllineclone,71
volatileorgcomp,69
archstruc,66
builtstrucset,66
occupdocument,66
wastewaterpopulation,66
wastewatersampleduration,66
wastewatersamplematrix,66
wastewatersampletype,66
wastewatersurveillancetarget1,66
wastewatersurveillancetarget1knownpresent,66
historypreviouslandusemethod,65
vfa,65
furniture,63
hostofhostsubid,63
timesincelasttoothbrushing,60
growthhormoneregimen,59
routetransmission,59
tisssue,59
dissolvedorganicnitrogen,58
totalphosphate,58
rootmedmicronutr,57
rootmedsuppl,57
rootmedregl,57
samplediseasestage,57
current,57
hostofhostname,54
samptransportcont,53
samptransportdur,53
clonelib,52
developmentpoint,51
medicationcode,51
totaldailyflowrate,49
microbstart,48
extremeunusualpropertiesheavymetals,43
meanfrictionvelocity,42
meanpeakfrictionvelocity,42
watertemperatureregimen,41
horizonmethod,39
bacterialrespiration,38
developmentalstagecelltype,38
tan,36
windowopenfrequency,36
diseasecelltype,35
twinsiblingpresence,34
celllline,31
maternalhealthstatus,31
particleclassification,30
totiron,30
fermentationmedium,29
hostofthesymbiontrole,29
soiltaxonomiclocalclassificationmethod,29
wgaampappr,28
extremeunusualpropertiesheavymetalsmethod,27
geographiclocationlatitudelongitude,27
wetmass,27
carbmonoxide,26
foodallergenlabel,26
foodnamestatus,26
numsampcollect,26
fermentationchemicaladditives,25
fermentationchemicaladditivespercentage,25
studyincubationduration,24
submittingorganization,23
chemicalmutagen,20
hostcellularlocation,19
poolingofdnaextracts,19
environmentalmaterialproperties,18
hostspecificity,17
samplesex,17
ceilstruc,16
ceiltexture,16
hostspecificityorrange,16
petroleumhydrocarbon,16
tissuedevelopmentstage,14
hygienicarea,14
prodlabelclaims,14
totalparticulatecarbon,14
hostofhosttaxid,13
cellloine,12
fermrelhumidity,12
microbstartinoc,12
microbstartcount,12
microbstartprep,12
microbstartsource,12
roomdim,12
samploccondition,12
sampsurfmoisture,12
sampfloor,12
stermethsamproom,12
tissuecelllines,10
geographicallocationcountryregionlocation,10
geographicallocationlongitudeandlongitude,10
cultivaraccession,9
dissolvedhydrogen,9
experimentalfactorsex,8
affectionstatus,7
diagnosticmeasurement1,7
diagnosticmeasurement2,7
experimentalspecimenroletype,7
fecalcontaminationindicator,7
fecalcontaminationvalue,7
genesymbol1,7
genesymbol2,7
instantaneousflowrate,7
populatedareatype,7
presamplingactivity,7
presampweather,7
totalnmethod,7
pesticideregimen,6
purposeofwastewatersampling,5
purposeofwastewatersequencing,5
wastewaterendogenouscontrol1,5
wastewaterendogenouscontrol1concentration,5
wastewaterendogenouscontrol1protocol,5
wastewaterendogenouscontrol2,5
wastewaterendogenouscontrol2protocol,5
wastewaterendogenouscontrol2units,5
wastewaterflow,5
wastewatersamplesite,5
wastewatersurveillancesystemsampleid,5
celllinespecifics,4
foodtypeprocessedinfacility,4
bacterialcarbonproduction,3
formaspecialis,3
organicnitrogen,3
tissuedevstage,2
dissoxygenfluid,2
aminopeptidaseactivity,1
barometricpressure,1
cultivaracc,1
cultureisolationdate,1
drainageclassification,1
foodpreservationprocess,1
forma,1
glucosidaseactivity,1
hostofhostdisease,1
hostofhostenvmed,1
hostofhostfamrel,1
hostofhostgeno,1
hostofhostgravid,1
hostofhostinfname,1
hostofhostinfrank,1
hostofhostenvloc,1
hostofhostpheno,1
hostofhosttotmass,1
geographicallocationlatlon,1
airflowimpede,1
hostofhostcoinf,1
organicparticles,1
organismmodifiernote,1
phospholipidfattyacid,1
subsp,1
submitterassertedtypestrain,1
apigravity,0
faoclassification,0
fdafoodindustryclassname,0
fdafoodindustrycodename,0
foodharvestingprocess,0
hazardanalysiscriticalcontrolpointshaccpguidefoodsafetyterm,0
omicsobservatoryid,0
sarscov2diagnosticgenename1,0
sarscov2diagnosticgenename2,0
sarscov2diagnosticpcrctvalue1,0
sarscov2diagnosticpcrctvalue2,0
adjacentrooms,0
aerostruc,0
aerospacestructure,0
agrochemicaladditions,0
respirableparticulatematter,0
airparticulatematterconcentration,0
alsaturation,0
aluminiumsaturation,0
extremeunusualpropertiesalsaturation,0
extremeunusualpropertiesalsaturationmethod,0
aluminiumsaturationmethod,0
alsaturationmethod,0
amountoflight,0
amountlight,0
animalfeedingequipment,0
animalhousing,0
animalhousingsystem,0
animalintrusionnearsamplesource,0
animalwaterdeliverymethod,0
antimicrobialname,0
foodanimalantimicrobial,0
animalam,0
antimicrobialphenotypeofspikeinbacteria,0
architecturalstructure,0
areasampledsize,0
aromaticspc,0
aromaticswt,0
asphaltenespc,0
asphalteneswt,0
averagedailyoccupancy,0
averagedewpoint,0
avgdewpoint,0
bathroomcount,0
bedroomcount,0
biochemicaloxygendemand,0
biocideadministration,0
biocideadmin,0
biocideadministrationmethod,0
biocideadminmethod,0
biocide,0
bloodblooddisorder,0
blooddisorder,0
bloodpressdiast,0
bloodpresssyst,0
builtstructureage,0
builtstructuresetting,0
builtstructype,0
builtstructuretype,0
carbonmonoxide,0
ceilarea,0
ceilingarea,0
ceilcond,0
ceilingcondition,0
ceilfinishmat,0
ceilingfinishmaterial,0
ceilingsignsofwatermold,0
ceilwatermold,0
ceilingstructure,0
ceilingtexture,0
ceilthermalmass,0
ceilingthermalmass,0
ceilingtype,0
ceiltype,0
chemtreatment,0
chemicaltreatmentmethod,0
chemtreatmethod,0
collectiondateyyyymmdd,0
datesamplecollected,0
coolingsystemidentifier,0
samploccorrrate,0
corrosionrateatsamplelocation,0
cultureresultorganism,0
culturetargetmicrobialanalyte,0
datelastrain,0
dateofpriorsarscov2antiviraltreatment,0
plantpartmaturity,0
degreeofplantpartmaturity,0
depositionalenvironment,0
deposenv,0
tvdssofhcrpress,0
depthtvdssofhydrocarbonresourcepressure,0
depthtvdssofhydrocarbonresourcetemperature,0
tvdssofhcrtemp,0
designconstructionandoperationdocuments,0
builddocs,0
developmentalpoint,0
diagnosticmeasurementvalue1,0
diagnosticmeasurementvalue2,0
dietaryclaimoruse,0
dissiron,0
dissolvediron,0
dissolvedoxygeninfluids,0
doorsize,0
doorareaorsize,0
doorcond,0
doorcondition,0
doordirect,0
doordirectionofopening,0
doorloc,0
doorlocation,0
doormat,0
doormaterial,0
doormovement,0
doormove,0
doorwatermold,0
doorsignsofwatermold,0
doortype,0
doorcomptype,0
doortypecomposite,0
doortypemetal,0
doortypewood,0
drawings,0
durationofassociationwiththehost,0
elevatorcount,0
elevator,0
environmentadjacenttosite,0
watersourceadjac,0
environmentalfeatureadjacentwatersource,0
equipmentsharedwithotherfarms,0
escalator,0
escalatorcount,0
expduct,0
exposedductwork,0
exppipe,0
exposedpipes,0
extdoor,0
exteriordoorcount,0
dateextrweath,0
extremeweatherdate,0
extremeweatherevent,0
farmequipmentsanitization,0
farmequipsanfreq,0
farmequipmentsanitizationfrequency,0
farmequipmentused,0
farmwateringwatersource,0
fermentationheadspaceoxygen,0
fermentationrelativehumidity,0
fertilizeradministration,0
fertilizeradministrationdate,0
fetalhealthstatus,0
fetalhealthstat,0
amnioticfluidfetalhealthstatus,0
amnioticfluidfoetalhealthstatus,0
foetalhealthstatus,0
fireplacetype,0
floorage,0
floorcond,0
floorcondition,0
floorcount,0
floorfinishmaterial,0
floorfinishmat,0
floorwatermold,0
floorsignsofwatermold,0
floorstructure,0
floorthermalmass,0
foodallergenlabeling,0
foodanimalantimicrobialduration,0
foodanimalantimicrobialfrequency,0
foodanimalantimicrobialintendeduse,0
foodanimalantimicrobialrouteofadministration,0
foodanimalbodycondition,0
foodanimalgroupsize,0
animalgroupsize,0
foodanimalsourcediet,0
foodanimalsourcesexcategory,0
foodcleaningprocess,0
foodcontactsurface,0
foodcontainerorwrapping,0
foodcookingprocess,0
fooddistributionpointgeographiclocation,0
fooddistributionpointgeographiclocationcity,0
foodpackagecapacity,0
foodpackingintegrity,0
foodpackingmedium,0
foodproductbyquality,0
foodproductnamelegalstatus,0
foodproductionenvironmentalmonitoringzone,0
foodproductionsystem,0
foodshippingtransportationmethod,0
foodshippingtransportationvehicle,0
foodstoredbyconsumerstorageduration,0
foodstoredbyconsumerstoragetemperature,0
foodtraceabilitylistcategory,0
foodtreatmentprocess,0
hcrfwsalinity,0
formationwatersalinity,0
frequencyofcleaning,0
frequencyofcooking,0
freqcook,0
gapchangestatus,0
gapstudyversion,0
genderofrestroom,0
geographiclocations,0
amnioticfluidgestationstate,0
hallcount,0
hallwaycorridorcount,0
handidness,0
healthdiseasestatus,0
heatdelivloc,0
heatingdeliverylocations,0
heatsysdelivmeth,0
heatingsystemdeliverymethod,0
heatsystemid,0
heatingsystemidentifier,0
heavymetalsmethod,0
heightcarperfiber,0
heightcarpetfibermat,0
hostspeciess,0
hostbloodpressurediastolic,0
hostbloodpressuresystolic,0
hostbloodpresssystolic,0
hostnumberindividual,0
hostofthesymbiotichostcommonname,0
hostofthesymbiotichostdiseasestatus,0
hostofthesymbiotichostenvironementalmedium,0
hostofthesymbiotichostfamilyrelationship,0
hostofthesymbiotichostgenotype,0
hostofthesymbiotichostgravidity,0
hostofthesymbiotichostinfraspecificname,0
hostofthesymbiotichostinfraspecificrank,0
hostofthesymbiotichostlocalenvironmentalcontext,0
hostofthesymbiotichostphenotype,0
hostofthesymbiotichostsubjectid,0
hostofthesymbiotichosttaxonid,0
hostofthesymbiotichosttotalmass,0
hostrecenttravellocation,0
hostids,0
hostvarietyorcultivar,0
hcrgeolage,0
hydrocarbonresourcegeologicalage,0
hcrpressure,0
hydrocarbonresourceoriginalpressure,0
hydrocarbonresourceoriginaltemperature,0
hydrocarbonresourcetype,0
hydrocarbontypeproduced,0
hygienicfoodproductionarea,0
indoorsamplingsurfaceorstructuresubpart,0
industrialeffluentpercent,0
iwbtdatewell,0
injectionwaterbreakthroughdateofspecificwell,0
injectionwaterfraction,0
inorganicparticles,0
insideluxlight,0
insidelux,0
instantaneousflowratemeasurementvalue,0
intwallcond,0
interiorwallcondition,0
kidneydisorder,0
labelingclaims,0
lasttimesweptmoppedvacuumed,0
localairflowimpediments,0
localclassification,0
localclassificationmethod,0
locationorroominfacility,0
majordietchangeinlastsixmonths,0
materialofcontactpriortofoodpackaging,0
amnioticfluidmaternalhealthstatus,0
maxoccup,0
maximumoccupancy,0
meanseasonalhumidity,0
meanseasonalprecipitation,0
meanseasonaltemperature,0
mechanicalstructure,0
mechstruc,0
microbialstarter,0
microbialstarterncbitaxonomyid,0
microbialstarterinoculation,0
microbialstarterorganismcount,0
microbialstarterpreparation,0
nonmineralnutrientregimen,0
nosethroatdisorder,0
numberplants,0
numberofhouseplants,0
numberofpets,0
numberresident,0
numberofresidents,0
numberofsamplescollected,0
observedcoinfectingorganismsinhostofhost,0
occupancydocumentation,0
oilwatercontactdepth,0
owctvdss,0
organismcountqpcrinformation,0
orgcountqpcrinfo,0
orientationsofexteriorwall,0
extwallorient,0
extwindoworient,0
orientationsofexteriorwindow,0
outsiderelativehumidity,0
relhumidityout,0
partofplantoranimal,0
photosyntheticactivity,0
photosyntheticactivitymethod,0
plantreprodcrop,0
plantreproductivepart,0
plantwaterdeliverymethod,0
pourpoint,0
presamplingweatherconditions,0
samppreserv,0
preservativeaddedtosample,0
previouslandusemethod,0
priorsarscov2antiviraltreatment,0
productionlabelingclaims,0
prodrate,0
productionrate,0
productionstartdate,0
prodstartdate,0
pulmonarydisorder,0
purchasedate,0
samppurpose,0
samplepurpose,0
purposeofseq,0
quadpos,0
quadrantposition,0
quantitypurchased,0
soilrellocation,0
relativelocationofsample,0
relsamploc,0
relativesamplinglocation,0
reservoirname,0
resinswt,0
resinspc,0
roomairexchrate,0
roomairexchangerate,0
roomarchitecturalelements,0
roomarchitecelem,0
roomcondt,0
roomcondition,0
roomcount,0
roomdimensions,0
roomdoordistance,0
roomdoordist,0
roomloc,0
roomlocationinbuilding,0
roommoistdamhist,0
roommoisturedamageormoldhistory,0
roomnetarea,0
roomoccup,0
roomoccupancy,0
roomsamppos,0
roomsamplingposition,0
roomvol,0
roomvolume,0
roomwindowcount,0
roomconnected,0
roomsconnectedbyadoorway,0
roomsthatareonthesamehallway,0
roomhallway,0
roomdoorshare,0
roomsthatshareadoorwithsamplingroom,0
roomsthatshareawallwithsamplingroom,0
roomwallshare,0
extremeunusualpropertiessalinitymethod,0
samplecollectiontimedurationvalue,0
samplelocationcondition,0
samplematerialtypehostorenvironmentalcontext,0
samplemeasureddepth,0
sampmd,0
samplesizesortingmethod,0
samplesourcematerialcategory,0
sampstordur,0
sampstorloc,0
samplestoragemedia,0
samplestoragesolution,0
sampstortemp,0
sampsubtype,0
samplesurfacemoisture,0
sampletransportconditions,0
samptransportcond,0
sampletransportcontainer,0
samptvdss,0
sampletrueverticaldepthsubsea,0
sampleuse,0
samplewellname,0
sampwellname,0
samplingdayweather,0
samplingfloor,0
samplingroomidorname,0
samplingroomsterilizationmethod,0
samptimeout,0
samplingtimeoutside,0
sanitizerusedduringpostharvestcleaning,0
saturatespc,0
saturateswt,0
seasonuse,0
seasonaluse,0
secondaryandtertiaryrecoverymethodsandstartdate,0
shadingdevicecond,0
shadingdevicecondition,0
shadingdeviceloc,0
shadingdevicelocation,0
shadingdevicemat,0
shadingdevicematerial,0
shaddevwatermold,0
shadingdevicesignsofwatermold,0
shadingdevicetype,0
soilporosity,0
soilsedimentporosity,0
soiltextureclassification,0
soiltypename,0
solubleinorganicmaterial,0
solubleorganicmaterial,0
sourcerockdepositionalenvironment,0
srdepenv,0
srgeolage,0
sourcerockgeologicalage,0
sourcerockkerogentype,0
srkerogtype,0
srlithology,0
sourcerocklithology,0
specifichumidity,0
specificintendedconsumer,0
spikeinbacterialserovarorserotype,0
spikeingrowthmedium,0
spikeinmicrobialstrain,0
spikeinorganismcount,0
spikeinwithantibiotics,0
spikeinwithheavymetals,0
standingwaterregimen,0
studycompletionstatus,0
studyincubationtemperature,0
studytreatment,0
sulfateinformationwater,0
surfacehumidity,0
surfacemoistureph,0
surfacetemperature,0
surfaceaircontaminant,0
technicalsamplereplicate,0
temperatureoutsidehouse,0
tempout,0
tissueculturegrowthmedia,0
totalacidnumber,0
totaldailyflowratemeasurementvalue,0
totalinorganicnitrogen,0
totalsulfur,0
trainstationcollectionlocation,0
trainstatloc,0
trainstoploc,0
trainstopcollectionlocation,0
twinsiblingexistence,0
urogenitaldisorder,0
urogenitaltractdisorder,0
vfainformationwater,0
viscosity,0
visualmedia,0
vismedia,0
volatilefattyacids,0
volatileorganiccompounds,0
wallarea,0
wallconsttype,0
wallconstructiontype,0
wallfinishmaterial,0
wallfinishmat,0
wallheight,0
wallloc,0
wallwatermold,0
wallsignsofwatermold,0
wallsurfacetreatment,0
wallsurftreatment,0
walltexture,0
wallthermalmass,0
wastewaterendogenouscontrol1units,0
wastewaterendogenouscontrol2concentration,0
wastewatersurveillancejurisdiction,0
wastewatersurveillancetarget1concunit,0
wastewatersurveillancetarget1extract,0
wastewatersurveillancetarget1extractunit,0
wastewatersurveillancetarget2,0
wastewatersurveillancetarget2conc,0
wastewatersurveillancetarget2concunit,0
wastewatersurveillancetarget2extract,0
wastewatersurveillancetarget2extractunit,0
wastewatersurveillancetarget2gene,0
wastewatersurveillancetarget2knownpresent,0
wastewatersurveillancetarget2protocol,0
wastewatersystemtype,0
watercatchmentareapopulationmeasurementvalue,0
watercatchmentareapopulationmeasurement,0
waterdeliveryfrequency,0
waterfrequency,0
waterfeaturesize,0
waterfeaturetype,0
waterfeattype,0
waterprodrate,0
waterproductionrate,0
weightlossinlastthreemonths,0
wellidentificationnumber,0
win,0
windowsize,0
windowareasize,0
windowcondition,0
windowcond,0
windowcovering,0
windowcover,0
windowhorizontalposition,0
windowhorizpos,0
windowloc,0
windowlocation,0
windowmat,0
windowmaterial,0
windowopenfreq,0
windowwatermold,0
windowsignsofwatermold,0
windowstatus,0
windowtype,0
windowvertpos,0
windowverticalposition,0
xylene,0
organization,0
srarun,0
